label,score
CS1,-0.9
CS10,0.6
CS2,-0.9
CS3,-0.8
CS4,-0.7
CS5,-1.7
CS6,-0.6
CS7,0.5
CS8,0.1
CS9,0.1
DV1,0.5
DV2,0.4
DV3,0.1
DV4,9.4
DV5,12.2
DV6,0.7
EK1,-2.2
EK10,-0.5
EK2,-0.2
EK3,0.4
EK4,-1.7
EK5,-1.9
EK6,-2.1
EK7,-1.7
EK8,-1.9
EK9,0.0
FS-1,0.9
FS-10,5.6
FS-100,10.0
FS-1000,12.6
FS-1001,-1.0
FS-1002,1.0
FS-1003,-0.2
FS-1004,1.7
FS-1005,3.8
FS-1006,9.0
FS-1007,11.1
FS-1008,10.3
FS-1009,2.1
FS-101,9.9
FS-1010,1.5
FS-1011,6.4
FS-1012,-1.3
FS-1013,11.5
FS-1014,-0.9
FS-1015,5.0
FS-1016,12.0
FS-1017,-0.9
FS-1018,8.5
FS-1019,6.7
FS-102,2.1
FS-1020,5.7
FS-1021,13.5
FS-1022,2.1
FS-1023,13.9
FS-1024,9.7
FS-1025,6.9
FS-1026,9.5
FS-1027,6.3
FS-1028,13.0
FS-1029,11.3
FS-103,2.2
FS-1030,10.7
FS-1031,12.7
FS-1032,9.9
FS-1033,10.2
FS-1034,0.5
FS-1035,6.1
FS-1036,9.7
FS-1037,-0.5
FS-1038,6.1
FS-1039,-0.6
FS-104,9.2
FS-1040,8.9
FS-1041,-0.1
FS-1042,7.2
FS-1043,3.6
FS-1044,10.2
FS-1045,-0.2
FS-1046,-0.1
FS-1047,11.3
FS-1048,13.5
FS-1049,4.3
FS-105,-1.1
FS-1050,0.9
FS-1051,-1.6
FS-1052,0.9
FS-1053,9.8
FS-1054,4.7
FS-1055,-0.3
FS-1056,15.0
FS-1057,4.3
FS-1058,4.0
FS-1059,8.4
FS-106,5.4
FS-1060,4.0
FS-1061,3.2
FS-1062,5.6
FS-1063,12.2
FS-1064,8.1
FS-1065,-0.9
FS-1066,14.3
FS-1067,0.8
FS-1068,12.3
FS-1069,9.5
FS-107,10.1
FS-1070,12.8
FS-1071,-0.7
FS-1072,9.0
FS-1073,10.2
FS-1074,5.3
FS-1075,9.4
FS-1076,6.0
FS-1077,10.1
FS-1078,4.1
FS-1079,1.6
FS-108,4.2
FS-1080,4.9
FS-1081,9.0
FS-1082,4.1
FS-1083,4.8
FS-1084,1.6
FS-1085,10.0
FS-1086,4.8
FS-1087,0.3
FS-1088,8.8
FS-1089,9.4
FS-109,8.6
FS-1090,10.3
FS-1091,3.8
FS-1092,4.0
FS-1093,1.2
FS-1094,6.9
FS-1095,-0.8
FS-1096,4.6
FS-1097,2.4
FS-1098,-0.1
FS-1099,-0.2
FS-11,0.6
FS-110,-0.3
FS-1100,8.6
FS-1101,12.7
FS-1102,8.6
FS-1103,8.2
FS-1104,-1.4
FS-1105,6.4
FS-1106,12.3
FS-1107,0.3
FS-1108,2.4
FS-1109,9.8
FS-111,1.8
FS-1110,12.9
FS-1111,9.3
FS-1112,11.1
FS-1113,9.8
FS-1114,2.6
FS-1115,2.3
FS-1116,1.4
FS-1117,0.3
FS-1118,3.9
FS-1119,11.5
FS-112,7.5
FS-1120,0.3
FS-1121,3.9
FS-1122,0.5
FS-1123,5.0
FS-1124,3.4
FS-1125,8.6
FS-1126,1.0
FS-1127,6.7
FS-1128,-0.7
FS-1129,1.1
FS-113,0.6
FS-1130,5.6
FS-1131,0.9
FS-1132,9.7
FS-1133,-0.3
FS-1134,-0.2
FS-1135,1.1
FS-1136,3.6
FS-1137,5.0
FS-1138,12.3
FS-1139,0.0
FS-114,2.5
FS-1140,9.9
FS-1141,5.3
FS-1142,2.3
FS-1143,-0.3
FS-1144,2.3
FS-1145,-2.3
FS-1146,11.4
FS-1147,11.2
FS-1148,9.4
FS-1149,8.1
FS-115,6.6
FS-1150,11.7
FS-1151,1.1
FS-1152,5.3
FS-1153,7.0
FS-1154,0.8
FS-1155,1.0
FS-1156,10.6
FS-1157,13.5
FS-1158,10.5
FS-1159,-0.3
FS-116,0.2
FS-1160,6.8
FS-1161,0.6
FS-1162,-0.9
FS-1163,10.4
FS-1164,8.0
FS-1165,8.8
FS-1166,10.9
FS-1167,11.0
FS-1168,4.3
FS-1169,2.8
FS-117,6.7
FS-1170,4.5
FS-1171,7.2
FS-1172,11.2
FS-1173,10.1
FS-1174,8.4
FS-1175,12.4
FS-1176,10.8
FS-1177,10.8
FS-1178,12.0
FS-1179,12.5
FS-118,8.0
FS-1180,13.7
FS-1181,11.7
FS-1182,4.3
FS-1183,3.5
FS-1184,9.0
FS-1185,9.1
FS-1186,8.0
FS-1187,3.5
FS-1188,10.9
FS-1189,6.1
FS-119,4.8
FS-1190,12.9
FS-1191,0.6
FS-1192,1.8
FS-1193,3.5
FS-1194,4.1
FS-1195,-1.2
FS-1196,1.7
FS-1197,1.4
FS-1198,10.8
FS-1199,3.1
FS-12,9.9
FS-120,11.0
FS-1200,1.5
FS-1201,-1.1
FS-1202,-0.7
FS-1203,-1.6
FS-1204,0.6
FS-1205,11.2
FS-1206,11.1
FS-1207,11.5
FS-1208,1.2
FS-1209,-0.2
FS-121,-0.5
FS-1210,5.8
FS-1211,3.7
FS-1212,3.2
FS-1213,10.3
FS-1214,10.7
FS-1215,10.9
FS-1216,2.7
FS-1217,9.9
FS-1218,5.4
FS-1219,9.7
FS-122,5.5
FS-1220,11.7
FS-1221,5.4
FS-1222,9.6
FS-1223,10.8
FS-1224,6.7
FS-1225,5.4
FS-1226,13.9
FS-1227,12.0
FS-1228,2.4
FS-1229,-0.3
FS-123,-0.7
FS-1230,9.3
FS-1231,5.7
FS-1232,1.5
FS-1233,7.3
FS-1234,11.3
FS-1235,8.2
FS-1236,-0.5
FS-1237,1.2
FS-1238,6.9
FS-1239,0.1
FS-124,6.8
FS-1240,10.6
FS-1241,3.5
FS-1242,9.0
FS-1243,10.3
FS-1244,9.0
FS-1245,8.8
FS-1246,0.3
FS-1247,9.6
FS-1248,8.8
FS-1249,10.0
FS-125,8.3
FS-1250,0.3
FS-1251,-0.1
FS-1252,13.8
FS-1253,8.1
FS-1254,9.6
FS-1255,11.2
FS-1256,11.7
FS-1257,-0.6
FS-1258,3.4
FS-1259,8.5
FS-126,9.6
FS-1260,3.4
FS-1261,1.3
FS-1262,0.3
FS-1263,5.4
FS-1264,1.0
FS-1265,12.1
FS-1266,7.2
FS-1267,9.8
FS-1268,14.1
FS-1269,2.5
FS-127,0.5
FS-1270,2.3
FS-1271,10.1
FS-1272,12.9
FS-1273,11.6
FS-1274,10.3
FS-1275,11.3
FS-1276,12.5
FS-1277,6.1
FS-1278,-1.6
FS-1279,10.4
FS-128,3.5
FS-1280,8.0
FS-1281,2.6
FS-1282,13.0
FS-1283,-0.3
FS-1284,3.5
FS-1285,0.5
FS-1286,9.8
FS-1287,5.9
FS-1288,10.9
FS-1289,1.2
FS-129,7.0
FS-1290,10.3
FS-1291,4.4
FS-1292,7.0
FS-1293,-0.1
FS-1294,3.5
FS-1295,6.0
FS-1296,7.2
FS-1297,-0.3
FS-1298,10.1
FS-1299,12.8
FS-13,2.6
FS-130,3.3
FS-1300,9.3
FS-1301,8.8
FS-1302,7.8
FS-1303,10.1
FS-1304,8.7
FS-1305,5.6
FS-1306,6.2
FS-1307,8.2
FS-1308,9.2
FS-1309,0.7
FS-131,8.8
FS-1310,1.7
FS-1311,7.4
FS-1312,6.9
FS-1313,0.7
FS-1314,0.6
FS-1315,2.0
FS-1316,7.1
FS-1317,-0.6
FS-1318,4.6
FS-1319,5.4
FS-132,11.3
FS-1320,-0.9
FS-1321,4.7
FS-1322,-0.5
FS-1323,12.0
FS-1324,4.9
FS-1325,7.3
FS-1326,5.3
FS-1327,1.4
FS-1328,11.6
FS-1329,4.2
FS-133,5.9
FS-1330,-0.2
FS-1331,-0.9
FS-1332,10.4
FS-1333,8.2
FS-1334,9.7
FS-1335,7.4
FS-1336,2.4
FS-1337,1.1
FS-1338,9.1
FS-1339,10.2
FS-134,6.6
FS-1340,11.8
FS-1341,11.5
FS-1342,6.8
FS-1343,0.6
FS-1344,6.9
FS-1345,6.7
FS-1346,3.6
FS-1347,8.0
FS-1348,9.3
FS-1349,11.1
FS-135,3.3
FS-1350,10.3
FS-1351,5.2
FS-1352,9.3
FS-1353,3.7
FS-1354,0.4
FS-1355,0.0
FS-1356,11.1
FS-1357,0.9
FS-1358,8.6
FS-1359,7.9
FS-136,4.3
FS-1360,3.8
FS-1361,2.8
FS-1362,10.7
FS-1363,10.1
FS-1364,2.2
FS-1365,0.2
FS-1366,7.3
FS-1367,0.3
FS-1368,3.4
FS-1369,2.5
FS-137,11.8
FS-1370,6.0
FS-1371,0.4
FS-1372,12.3
FS-1373,4.0
FS-1374,10.8
FS-1375,1.8
FS-1376,0.3
FS-1377,1.2
FS-1378,-0.6
FS-1379,5.4
FS-138,8.9
FS-1380,4.5
FS-1381,7.9
FS-1382,2.4
FS-1383,9.2
FS-1384,12.7
FS-1385,13.2
FS-1386,5.8
FS-1387,10.9
FS-1388,1.3
FS-1389,0.0
FS-139,14.1
FS-1390,0.8
FS-1391,6.1
FS-1392,-1.4
FS-1393,0.1
FS-1394,2.8
FS-1395,9.0
FS-1396,13.0
FS-1397,7.4
FS-1398,0.6
FS-1399,6.1
FS-14,8.4
FS-140,8.9
FS-1400,8.5
FS-1401,7.2
FS-1402,7.8
FS-1403,12.8
FS-1404,7.8
FS-1405,9.5
FS-1406,12.7
FS-1407,4.0
FS-1408,8.0
FS-1409,0.5
FS-141,-0.3
FS-1410,9.6
FS-1411,1.8
FS-1412,8.5
FS-1413,3.9
FS-1414,9.6
FS-1415,7.4
FS-1416,7.6
FS-1417,9.4
FS-1418,10.5
FS-1419,2.5
FS-142,9.9
FS-1420,0.4
FS-1421,7.4
FS-1422,-1.1
FS-1423,11.4
FS-1424,2.7
FS-1425,4.0
FS-1426,0.8
FS-1427,-1.1
FS-1428,15.3
FS-1429,-0.2
FS-143,-0.5
FS-1430,13.5
FS-1431,10.4
FS-1432,10.8
FS-1433,9.5
FS-1434,8.6
FS-1435,7.1
FS-1436,10.2
FS-1437,8.2
FS-1438,8.2
FS-1439,2.9
FS-144,0.7
FS-1440,4.9
FS-1441,4.8
FS-1442,9.7
FS-1443,9.3
FS-1444,-0.6
FS-1445,11.5
FS-1446,0.4
FS-1447,-0.2
FS-1448,0.8
FS-1449,8.1
FS-145,10.8
FS-1450,13.1
FS-1451,5.8
FS-1452,4.0
FS-1453,-0.1
FS-1454,-0.2
FS-1455,1.6
FS-1456,9.9
FS-1457,6.3
FS-1458,9.3
FS-1459,7.3
FS-146,0.6
FS-1460,1.1
FS-1461,-0.3
FS-1462,-0.2
FS-1463,3.2
FS-1464,-0.7
FS-1465,2.8
FS-1466,-0.5
FS-1467,8.0
FS-1468,3.2
FS-1469,-0.6
FS-147,13.1
FS-1470,11.2
FS-1471,10.2
FS-1472,10.0
FS-1473,10.1
FS-1474,-0.6
FS-1475,5.2
FS-1476,7.7
FS-1477,11.9
FS-1478,5.9
FS-1479,-0.1
FS-148,0.5
FS-1480,9.0
FS-1481,10.0
FS-1482,12.1
FS-1483,7.6
FS-1484,-0.4
FS-1485,-0.3
FS-1486,4.4
FS-1487,8.0
FS-1488,3.4
FS-1489,9.4
FS-149,11.0
FS-1490,8.1
FS-1491,-0.5
FS-1492,0.2
FS-1493,12.1
FS-1494,10.9
FS-1495,2.4
FS-1496,7.6
FS-1497,6.8
FS-1498,8.6
FS-1499,10.9
FS-15,-0.8
FS-150,9.1
FS-1500,11.0
FS-1501,3.2
FS-1502,10.7
FS-1503,12.2
FS-1504,8.9
FS-1505,1.1
FS-1506,1.6
FS-1507,-0.7
FS-1508,-0.9
FS-1509,13.3
FS-151,2.0
FS-1510,8.2
FS-1511,6.9
FS-1512,3.5
FS-1513,0.7
FS-1514,9.7
FS-1515,2.5
FS-1516,9.6
FS-1517,-0.8
FS-1518,-1.2
FS-1519,1.0
FS-152,5.9
FS-1520,8.1
FS-1521,6.7
FS-1522,8.5
FS-1523,-2.3
FS-1524,6.2
FS-1525,2.6
FS-1526,11.1
FS-1527,-0.8
FS-1528,8.2
FS-1529,-0.3
FS-153,10.5
FS-1530,-0.6
FS-1531,0.7
FS-1532,10.4
FS-1533,2.5
FS-1534,-0.8
FS-1535,-1.3
FS-1536,2.9
FS-1537,4.3
FS-1538,-1.4
FS-1539,11.7
FS-154,4.7
FS-1540,7.6
FS-1541,6.1
FS-1542,9.7
FS-1543,10.2
FS-1544,-1.0
FS-1545,-0.2
FS-1546,1.7
FS-1547,5.1
FS-1548,10.2
FS-1549,0.8
FS-155,1.7
FS-1550,4.8
FS-1551,6.3
FS-1552,10.8
FS-1553,6.5
FS-1554,9.5
FS-1555,8.0
FS-1556,1.7
FS-1557,0.1
FS-1558,7.2
FS-1559,0.3
FS-156,0.7
FS-1560,8.9
FS-1561,6.2
FS-1562,1.5
FS-1563,11.5
FS-1564,1.5
FS-1565,13.5
FS-1566,10.7
FS-1567,12.4
FS-1568,12.6
FS-1569,5.2
FS-157,3.6
FS-1570,11.0
FS-1571,0.6
FS-1572,4.4
FS-1573,-1.1
FS-1574,8.8
FS-1575,0.4
FS-1576,10.8
FS-1577,11.1
FS-1578,12.4
FS-1579,13.7
FS-158,10.8
FS-1580,6.6
FS-1581,12.8
FS-1582,8.2
FS-1583,9.6
FS-1584,11.2
FS-1585,9.7
FS-1586,7.2
FS-1587,0.3
FS-1588,11.1
FS-1589,9.8
FS-159,8.5
FS-1590,0.1
FS-1591,0.2
FS-1592,2.0
FS-1593,6.7
FS-1594,6.5
FS-1595,4.5
FS-1596,6.9
FS-1597,8.0
FS-1598,-1.7
FS-1599,8.1
FS-16,9.5
FS-160,11.6
FS-1600,1.5
FS-1601,10.1
FS-1602,-0.4
FS-1603,10.0
FS-1604,-0.2
FS-1605,0.5
FS-1606,6.4
FS-1607,2.9
FS-1608,4.1
FS-1609,7.2
FS-161,8.7
FS-1610,9.4
FS-1611,6.5
FS-1612,0.0
FS-1613,-0.3
FS-1614,-1.3
FS-1615,7.4
FS-1616,0.6
FS-1617,-0.8
FS-1618,-0.6
FS-1619,4.8
FS-162,5.1
FS-1620,5.7
FS-1621,0.2
FS-1622,1.1
FS-1623,8.3
FS-1624,5.5
FS-1625,3.4
FS-1626,9.1
FS-1627,-0.9
FS-1628,-1.2
FS-1629,10.5
FS-163,3.5
FS-1630,7.1
FS-1631,7.1
FS-1632,5.1
FS-1633,0.7
FS-1634,0.3
FS-1635,1.5
FS-1636,3.0
FS-1637,12.5
FS-1638,11.7
FS-1639,14.8
FS-164,6.1
FS-1640,3.4
FS-1641,1.2
FS-1642,6.8
FS-1643,-0.9
FS-1644,9.6
FS-1645,7.5
FS-1646,1.5
FS-1647,0.5
FS-1648,7.6
FS-1649,4.5
FS-165,-0.8
FS-1650,13.0
FS-1651,0.8
FS-1652,10.9
FS-1653,-1.3
FS-1654,-0.5
FS-1655,7.5
FS-1656,5.2
FS-1657,7.0
FS-1658,-0.6
FS-1659,4.7
FS-166,2.9
FS-1660,0.7
FS-1661,9.5
FS-1662,9.7
FS-1663,11.3
FS-1664,8.6
FS-1665,2.7
FS-1666,-0.4
FS-1667,-1.4
FS-1668,-1.2
FS-1669,0.2
FS-167,-0.6
FS-1670,0.0
FS-1671,-0.2
FS-1672,4.3
FS-1673,6.7
FS-1674,5.1
FS-1675,-0.3
FS-1676,4.0
FS-1677,-0.6
FS-1678,-0.7
FS-1679,1.6
FS-168,2.1
FS-1680,1.7
FS-1681,-0.6
FS-1682,-1.3
FS-1683,-0.5
FS-1684,6.4
FS-1685,-0.5
FS-1686,3.3
FS-1687,3.9
FS-1688,-1.3
FS-1689,1.2
FS-169,7.8
FS-1690,5.7
FS-1691,-1.0
FS-1692,3.4
FS-1693,10.8
FS-1694,-0.9
FS-1695,-1.6
FS-1696,10.6
FS-1697,0.6
FS-1698,-0.5
FS-1699,-0.3
FS-17,4.6
FS-170,11.0
FS-1700,0.4
FS-1701,2.3
FS-1702,7.7
FS-1703,10.1
FS-1704,10.1
FS-1705,-0.4
FS-1706,1.2
FS-1707,0.7
FS-1708,0.3
FS-1709,-0.8
FS-171,0.8
FS-1710,0.0
FS-1711,-0.6
FS-1712,-0.1
FS-1713,7.8
FS-1714,0.3
FS-1715,2.6
FS-1716,-0.4
FS-1717,6.9
FS-1718,-1.6
FS-1719,-0.1
FS-172,7.2
FS-1720,6.2
FS-1721,-1.0
FS-1722,5.1
FS-1723,9.8
FS-1724,-0.8
FS-1725,-1.2
FS-1726,5.4
FS-1727,10.8
FS-1728,0.7
FS-1729,-0.3
FS-173,0.1
FS-1730,0.3
FS-1731,0.4
FS-1732,0.2
FS-1733,10.4
FS-1734,0.8
FS-1735,5.5
FS-1736,1.2
FS-1737,-0.2
FS-1738,0.1
FS-1739,1.6
FS-174,10.9
FS-1740,-0.9
FS-1741,3.6
FS-1742,5.3
FS-1743,4.0
FS-1744,-0.2
FS-1745,6.9
FS-1746,-0.9
FS-1747,1.0
FS-1748,1.1
FS-1749,-0.8
FS-175,11.5
FS-1750,-0.2
FS-1751,5.2
FS-1752,2.2
FS-1753,-0.4
FS-1754,3.0
FS-1755,0.9
FS-1756,1.3
FS-1757,8.4
FS-1758,5.7
FS-1759,-1.6
FS-176,7.3
FS-1760,-0.8
FS-1761,0.1
FS-1762,10.8
FS-1763,0.1
FS-1764,9.5
FS-1765,1.4
FS-1766,-0.6
FS-1767,0.3
FS-1768,-0.2
FS-1769,5.5
FS-177,14.0
FS-1770,6.6
FS-1771,2.4
FS-1772,0.7
FS-1773,-0.5
FS-1774,0.2
FS-1775,0.2
FS-1776,1.0
FS-1777,-0.2
FS-1778,0.4
FS-1779,11.3
FS-178,0.1
FS-1780,6.8
FS-1781,0.1
FS-1782,0.4
FS-1783,5.4
FS-1784,0.5
FS-1785,5.6
FS-1786,2.0
FS-1787,-0.9
FS-1788,6.9
FS-1789,1.4
FS-179,3.9
FS-1790,0.7
FS-1791,0.4
FS-1792,0.8
FS-1793,0.3
FS-1794,11.3
FS-1795,0.0
FS-1796,-0.7
FS-1797,-0.6
FS-1798,0.9
FS-1799,7.7
FS-18,2.0
FS-180,8.1
FS-1800,4.3
FS-1801,1.5
FS-1802,0.2
FS-1803,0.2
FS-1804,0.5
FS-1805,5.3
FS-1806,-0.3
FS-1807,2.8
FS-1808,3.3
FS-1809,1.3
FS-181,1.6
FS-1810,1.6
FS-1811,1.3
FS-1812,2.2
FS-1813,-1.6
FS-1814,-1.2
FS-1815,1.0
FS-1816,0.0
FS-1817,1.7
FS-1818,0.3
FS-1819,0.5
FS-182,13.6
FS-1820,1.0
FS-1821,1.2
FS-1822,0.3
FS-1823,1.1
FS-1824,2.2
FS-1825,-1.7
FS-1826,-0.1
FS-1827,0.3
FS-1828,-0.3
FS-1829,4.8
FS-183,-0.2
FS-1830,4.5
FS-1831,-0.8
FS-1832,-0.2
FS-1833,2.2
FS-1834,8.4
FS-1835,6.7
FS-1836,1.2
FS-1837,5.3
FS-1838,7.8
FS-1839,1.5
FS-184,9.0
FS-1840,-1.3
FS-1841,0.1
FS-1842,4.7
FS-1843,-1.2
FS-1844,-0.3
FS-1845,-0.9
FS-1846,-0.6
FS-1847,0.0
FS-1848,-1.2
FS-1849,0.1
FS-185,0.6
FS-1850,7.9
FS-1851,1.1
FS-1852,3.1
FS-1853,3.3
FS-1854,6.5
FS-1855,0.2
FS-1856,10.5
FS-1857,-0.2
FS-1858,8.7
FS-1859,0.3
FS-186,4.3
FS-1860,-0.5
FS-1861,-2.0
FS-1862,12.3
FS-1863,8.9
FS-1864,5.3
FS-1865,-0.1
FS-1866,3.6
FS-1867,10.9
FS-1868,3.5
FS-1869,6.5
FS-187,2.4
FS-1870,7.7
FS-1871,-0.8
FS-1872,5.3
FS-1873,-0.1
FS-1874,-2.0
FS-1875,-0.8
FS-1876,-0.2
FS-1877,-2.0
FS-1878,-0.7
FS-1879,-0.9
FS-188,8.8
FS-1880,-0.7
FS-1881,-0.9
FS-1882,0.5
FS-1883,-1.3
FS-1884,6.2
FS-1885,-1.4
FS-1886,-0.3
FS-1887,0.2
FS-1888,0.8
FS-1889,9.3
FS-189,9.7
FS-1890,-0.9
FS-1891,5.1
FS-1892,3.6
FS-1893,-0.5
FS-1894,3.6
FS-1895,-1.2
FS-1896,1.2
FS-1897,1.8
FS-1898,4.5
FS-1899,8.2
FS-19,11.4
FS-190,4.7
FS-1900,5.3
FS-1901,1.1
FS-1902,2.4
FS-1903,4.6
FS-1904,0.0
FS-1905,8.1
FS-1906,10.5
FS-1907,-1.6
FS-1908,0.8
FS-1909,6.1
FS-191,8.8
FS-1910,0.3
FS-1911,10.5
FS-1912,5.1
FS-1913,-0.9
FS-1914,2.2
FS-1915,-1.2
FS-1916,2.1
FS-1917,2.3
FS-1918,0.6
FS-1919,4.4
FS-192,7.0
FS-1920,4.4
FS-1921,1.7
FS-1922,7.2
FS-1923,-0.9
FS-1924,-0.4
FS-1925,-0.8
FS-1926,-0.6
FS-1927,0.3
FS-1928,6.1
FS-1929,0.3
FS-193,8.3
FS-1930,8.7
FS-1931,9.8
FS-1932,4.7
FS-1933,0.2
FS-1934,5.7
FS-1935,14.2
FS-1936,5.4
FS-1937,0.7
FS-1938,-0.2
FS-1939,2.5
FS-194,-0.2
FS-1940,-0.3
FS-1941,-0.9
FS-1942,3.5
FS-1943,-0.8
FS-1944,0.0
FS-1945,8.6
FS-1946,6.4
FS-1947,-2.9
FS-1948,0.8
FS-1949,0.2
FS-195,10.8
FS-1950,10.7
FS-1951,11.6
FS-1952,4.9
FS-1953,6.9
FS-1954,0.6
FS-1955,-0.1
FS-1956,12.4
FS-1957,5.8
FS-1958,8.1
FS-1959,8.4
FS-196,0.0
FS-1960,-0.1
FS-1961,-0.4
FS-1962,4.5
FS-1963,0.4
FS-1964,-0.9
FS-1965,3.4
FS-1966,4.3
FS-1967,-0.8
FS-1968,0.1
FS-1969,1.2
FS-197,6.0
FS-1970,13.2
FS-1971,8.5
FS-1972,1.8
FS-1973,5.8
FS-1974,0.5
FS-1975,1.4
FS-1976,0.4
FS-1977,10.7
FS-1978,6.7
FS-1979,-0.9
FS-198,11.3
FS-1980,3.4
FS-1981,-1.7
FS-1982,0.2
FS-1983,-0.9
FS-1984,1.5
FS-1985,4.0
FS-1986,-0.7
FS-1987,-0.4
FS-1988,0.9
FS-1989,2.6
FS-199,5.0
FS-1990,0.5
FS-1991,3.4
FS-1992,4.1
FS-1993,4.7
FS-1994,0.3
FS-1995,0.4
FS-1996,9.7
FS-1997,-0.5
FS-1998,1.1
FS-1999,1.4
FS-2,4.3
FS-20,6.5
FS-200,1.5
FS-2000,0.1
FS-2001,-0.1
FS-2002,-0.1
FS-2003,0.3
FS-2004,-1.1
FS-2005,0.4
FS-2006,-0.6
FS-2007,-1.2
FS-2008,6.5
FS-2009,0.3
FS-201,8.1
FS-2010,-1.3
FS-2011,-0.4
FS-2012,-0.3
FS-2013,2.2
FS-2014,-0.7
FS-2015,7.6
FS-2016,7.1
FS-2017,0.0
FS-2018,10.4
FS-2019,0.2
FS-202,10.5
FS-2020,2.8
FS-2021,1.7
FS-2022,-0.1
FS-2023,6.3
FS-2024,1.2
FS-2025,-0.8
FS-2026,0.3
FS-2027,1.1
FS-2028,-0.5
FS-2029,3.8
FS-203,0.6
FS-2030,0.8
FS-2031,7.4
FS-2032,3.2
FS-2033,7.5
FS-2034,8.0
FS-2035,0.4
FS-2036,11.7
FS-2037,5.1
FS-2038,8.1
FS-2039,13.4
FS-204,2.7
FS-2040,7.7
FS-2041,0.9
FS-2042,-0.7
FS-2043,9.2
FS-2044,-1.0
FS-2045,1.9
FS-2046,0.2
FS-2047,9.1
FS-2048,-0.1
FS-2049,2.2
FS-205,6.9
FS-2050,0.0
FS-2051,0.5
FS-2052,1.6
FS-2053,-1.5
FS-2054,5.7
FS-2055,7.0
FS-2056,-0.3
FS-2057,-0.5
FS-2058,1.7
FS-2059,6.6
FS-206,11.7
FS-2060,-0.5
FS-2061,1.0
FS-2062,1.5
FS-2063,-0.4
FS-2064,-1.2
FS-2065,-0.6
FS-2066,-0.5
FS-2067,4.2
FS-2068,9.7
FS-2069,11.3
FS-207,7.3
FS-2070,8.6
FS-2071,1.0
FS-2072,4.2
FS-2073,0.7
FS-2074,-0.4
FS-2075,8.4
FS-2076,11.6
FS-2077,1.6
FS-2078,6.9
FS-2079,-0.7
FS-208,7.0
FS-2080,4.8
FS-2081,1.7
FS-2082,1.9
FS-2083,1.9
FS-2084,2.5
FS-2085,-2.4
FS-2086,0.5
FS-2087,-0.4
FS-2088,-0.2
FS-2089,0.1
FS-209,6.9
FS-2090,-1.4
FS-2091,-0.1
FS-2092,-0.5
FS-2093,1.4
FS-2094,5.3
FS-2095,4.8
FS-2096,11.6
FS-2097,0.0
FS-2098,8.9
FS-2099,5.7
FS-21,2.2
FS-210,9.8
FS-2100,2.4
FS-2101,2.1
FS-2102,1.5
FS-2103,2.2
FS-2104,12.4
FS-2105,9.0
FS-2106,3.8
FS-2107,2.9
FS-2108,-0.3
FS-2109,2.8
FS-211,0.6
FS-2110,1.3
FS-2111,8.1
FS-2112,4.4
FS-2113,0.4
FS-2114,-0.6
FS-2115,1.2
FS-2116,0.3
FS-2117,-0.5
FS-2118,-0.4
FS-2119,-0.7
FS-212,2.7
FS-2120,-0.4
FS-2121,-0.8
FS-2122,-1.7
FS-2123,-0.5
FS-2124,-0.1
FS-2125,3.3
FS-2126,1.5
FS-2127,-1.0
FS-2128,1.0
FS-2129,-0.5
FS-213,9.1
FS-2130,4.0
FS-2131,-1.2
FS-2132,-0.5
FS-2133,0.5
FS-2134,-0.4
FS-2135,2.7
FS-2136,-1.4
FS-2137,9.5
FS-2138,10.5
FS-2139,3.1
FS-214,5.8
FS-2140,-0.6
FS-2141,0.1
FS-2142,-0.2
FS-2143,0.1
FS-2144,5.5
FS-2145,0.5
FS-2146,0.8
FS-2147,4.7
FS-2148,0.1
FS-2149,6.5
FS-215,8.8
FS-2150,-1.4
FS-2151,1.6
FS-2152,-0.4
FS-2153,0.4
FS-2154,1.0
FS-2155,5.1
FS-2156,1.2
FS-2157,-0.2
FS-2158,2.4
FS-2159,0.5
FS-216,9.2
FS-2160,2.2
FS-2161,4.6
FS-2162,-0.8
FS-2163,10.8
FS-2164,-0.4
FS-2165,-1.0
FS-2166,2.2
FS-2167,0.5
FS-2168,-2.1
FS-2169,-0.5
FS-217,9.2
FS-2170,3.6
FS-2171,-0.7
FS-2172,-1.0
FS-2173,6.3
FS-2174,0.5
FS-2175,0.7
FS-2176,3.3
FS-2177,0.3
FS-2178,3.8
FS-2179,-0.1
FS-218,12.9
FS-2180,1.2
FS-2181,-0.2
FS-2182,-0.1
FS-2183,1.8
FS-2184,7.9
FS-2185,0.5
FS-2186,0.2
FS-2187,-0.7
FS-2188,-0.5
FS-2189,10.6
FS-219,1.2
FS-2190,7.4
FS-2191,2.4
FS-2192,-0.7
FS-2193,7.6
FS-2194,2.3
FS-2195,-0.5
FS-2196,3.4
FS-2197,8.9
FS-2198,-0.8
FS-2199,6.5
FS-22,3.9
FS-220,1.9
FS-2200,0.7
FS-2201,1.7
FS-2202,-0.1
FS-2203,10.2
FS-2204,-1.2
FS-2205,1.8
FS-2206,0.0
FS-2207,-1.4
FS-2208,-0.8
FS-2209,-0.5
FS-221,0.3
FS-2210,0.9
FS-2211,6.0
FS-2212,0.3
FS-2213,9.3
FS-2214,1.3
FS-2215,2.0
FS-2216,4.0
FS-2217,9.6
FS-2218,1.5
FS-2219,6.1
FS-222,0.9
FS-2220,6.3
FS-2221,3.2
FS-2222,2.8
FS-2223,0.5
FS-2224,3.0
FS-2225,0.0
FS-2226,1.3
FS-2227,-0.3
FS-2228,0.2
FS-2229,2.4
FS-223,3.4
FS-2230,9.8
FS-2231,5.6
FS-2232,11.1
FS-2233,3.5
FS-2234,5.2
FS-2235,0.4
FS-2236,-0.5
FS-2237,-0.2
FS-2238,-0.6
FS-2239,7.8
FS-224,1.8
FS-2240,3.2
FS-2241,5.0
FS-2242,4.2
FS-2243,3.1
FS-2244,0.8
FS-2245,0.9
FS-2246,-0.8
FS-2247,4.1
FS-2248,6.5
FS-2249,-0.8
FS-225,6.9
FS-2250,0.0
FS-2251,0.6
FS-2252,6.8
FS-2253,-0.4
FS-2254,-0.8
FS-2255,8.1
FS-2256,0.7
FS-2257,1.2
FS-2258,1.0
FS-2259,11.2
FS-226,-0.6
FS-2260,-0.2
FS-2261,6.3
FS-2262,8.2
FS-2263,-1.4
FS-2264,-1.0
FS-2265,0.0
FS-2266,13.1
FS-2267,5.9
FS-2268,0.8
FS-2269,7.3
FS-227,6.7
FS-2270,5.6
FS-2271,-0.2
FS-2272,5.9
FS-2273,0.4
FS-2274,1.1
FS-2275,5.1
FS-2276,1.2
FS-2277,9.8
FS-2278,-0.8
FS-2279,1.8
FS-228,6.8
FS-2280,7.1
FS-2281,2.3
FS-2282,1.1
FS-2283,6.2
FS-2284,1.9
FS-2285,3.3
FS-2286,1.2
FS-2287,-1.1
FS-2288,1.6
FS-2289,2.9
FS-229,2.3
FS-2290,0.0
FS-2291,5.3
FS-2292,0.5
FS-2293,1.0
FS-2294,5.2
FS-2295,6.2
FS-2296,1.2
FS-2297,6.8
FS-2298,2.9
FS-2299,3.1
FS-23,3.4
FS-230,-1.8
FS-2300,0.8
FS-2301,-0.1
FS-2302,9.6
FS-2303,-0.5
FS-2304,1.2
FS-2305,5.8
FS-2306,-0.4
FS-2307,0.9
FS-2308,0.9
FS-2309,0.1
FS-231,9.7
FS-2310,2.5
FS-2311,3.7
FS-2312,1.6
FS-2313,5.5
FS-2314,-0.3
FS-2315,0.2
FS-2316,7.8
FS-2317,8.2
FS-2318,1.8
FS-2319,8.3
FS-232,0.8
FS-2320,0.7
FS-2321,-1.4
FS-2322,-1.9
FS-2323,-0.3
FS-2324,-0.8
FS-2325,3.5
FS-2326,7.4
FS-2327,-0.7
FS-2328,2.7
FS-2329,2.7
FS-233,3.3
FS-2330,1.4
FS-2331,-0.8
FS-2332,3.2
FS-2333,5.2
FS-2334,0.5
FS-2335,1.2
FS-2336,3.8
FS-2337,2.1
FS-2338,12.5
FS-2339,8.4
FS-234,8.7
FS-2340,-0.1
FS-2341,0.9
FS-2342,4.6
FS-2343,0.7
FS-2344,0.0
FS-2345,8.4
FS-2346,5.1
FS-2347,13.9
FS-2348,-0.7
FS-2349,1.3
FS-235,-0.3
FS-2350,3.3
FS-2351,4.9
FS-2352,10.8
FS-2353,9.3
FS-2354,12.7
FS-2355,5.8
FS-2356,5.3
FS-2357,0.1
FS-2358,7.1
FS-2359,0.2
FS-236,11.9
FS-2360,9.4
FS-2361,-1.1
FS-2362,-0.8
FS-2363,1.6
FS-2364,0.0
FS-2365,0.6
FS-2366,-0.4
FS-2367,6.9
FS-2368,10.3
FS-2369,-0.5
FS-237,3.3
FS-2370,6.9
FS-2371,10.8
FS-2372,2.2
FS-2373,0.0
FS-2374,6.0
FS-2375,4.9
FS-2376,7.8
FS-2377,7.9
FS-2378,2.0
FS-2379,11.6
FS-238,9.4
FS-2380,0.8
FS-2381,2.8
FS-2382,5.5
FS-2383,1.8
FS-2384,8.1
FS-2385,0.3
FS-2386,-1.6
FS-2387,10.4
FS-2388,12.5
FS-2389,3.3
FS-239,4.5
FS-2390,-1.5
FS-2391,-0.3
FS-2392,0.0
FS-2393,-1.0
FS-2394,0.9
FS-2395,4.6
FS-2396,10.7
FS-2397,6.3
FS-2398,-0.2
FS-2399,4.2
FS-24,-2.2
FS-240,8.1
FS-2400,0.6
FS-2401,-0.7
FS-2402,1.1
FS-2403,2.5
FS-2404,6.5
FS-2405,-1.1
FS-2406,10.2
FS-2407,-0.3
FS-2408,-0.8
FS-2409,-1.1
FS-241,9.5
FS-2410,-0.8
FS-2411,6.0
FS-2412,0.1
FS-2413,-1.1
FS-2414,-1.0
FS-2415,0.9
FS-2416,-0.3
FS-2417,0.2
FS-2418,0.7
FS-2419,3.4
FS-242,9.8
FS-2420,5.0
FS-2421,2.7
FS-2422,-0.3
FS-2423,-1.2
FS-2424,0.9
FS-2425,1.9
FS-2426,0.1
FS-2427,5.9
FS-2428,1.5
FS-2429,-1.1
FS-243,10.4
FS-2430,-0.5
FS-2431,9.7
FS-2432,-0.3
FS-2433,-2.0
FS-2434,-0.8
FS-2435,-2.1
FS-2436,-0.6
FS-2437,0.9
FS-2438,-0.7
FS-2439,2.6
FS-244,9.5
FS-2440,5.5
FS-2441,-2.8
FS-2442,-1.3
FS-2443,0.8
FS-2444,5.0
FS-2445,-0.5
FS-2446,1.3
FS-2447,-1.4
FS-2448,0.2
FS-2449,-0.5
FS-245,1.4
FS-2450,-0.1
FS-2451,0.9
FS-2452,10.9
FS-2453,5.6
FS-2454,3.6
FS-2455,-0.5
FS-2456,2.5
FS-2457,0.7
FS-2458,0.4
FS-2459,0.9
FS-246,10.7
FS-2460,0.1
FS-2461,8.5
FS-2462,9.6
FS-2463,0.5
FS-2464,-0.5
FS-2465,2.6
FS-2466,1.1
FS-2467,1.8
FS-2468,-0.1
FS-2469,5.8
FS-247,-0.3
FS-2470,1.4
FS-2471,1.5
FS-2472,8.2
FS-2473,-0.8
FS-2474,-0.2
FS-2475,1.3
FS-2476,-2.3
FS-2477,-0.3
FS-2478,1.0
FS-2479,10.9
FS-248,-0.1
FS-2480,6.4
FS-2481,8.1
FS-2482,0.3
FS-2483,-1.9
FS-2484,0.3
FS-2485,2.0
FS-2486,-0.5
FS-2487,-1.3
FS-2488,1.7
FS-2489,2.3
FS-249,8.6
FS-2490,9.2
FS-2491,-0.3
FS-2492,0.1
FS-2493,4.6
FS-2494,8.3
FS-2495,2.7
FS-2496,-0.9
FS-2497,-0.6
FS-2498,4.4
FS-2499,0.3
FS-25,2.2
FS-250,11.1
FS-2500,0.9
FS-2501,9.8
FS-2502,-1.0
FS-2503,0.6
FS-2504,7.9
FS-2505,2.5
FS-2506,10.9
FS-2507,7.8
FS-2508,1.9
FS-2509,4.4
FS-251,11.9
FS-2510,7.3
FS-2511,-1.6
FS-2512,2.7
FS-2513,0.6
FS-2514,4.5
FS-2515,1.8
FS-2516,8.8
FS-2517,10.6
FS-2518,4.4
FS-2519,4.2
FS-252,0.2
FS-2520,8.6
FS-2521,2.0
FS-2522,1.3
FS-2523,9.2
FS-2524,1.7
FS-2525,-1.4
FS-2526,-1.2
FS-2527,5.7
FS-2528,0.3
FS-2529,2.9
FS-253,7.2
FS-2530,1.7
FS-2531,-0.9
FS-2532,1.4
FS-2533,4.9
FS-2534,0.9
FS-2535,8.2
FS-2536,8.2
FS-2537,7.2
FS-2538,8.3
FS-2539,-1.3
FS-254,1.1
FS-2540,9.6
FS-2541,0.5
FS-2542,0.7
FS-2543,1.5
FS-2544,7.6
FS-2545,6.5
FS-2546,-1.0
FS-2547,11.3
FS-2548,4.1
FS-2549,0.6
FS-255,5.9
FS-2550,0.8
FS-2551,-0.1
FS-2552,0.4
FS-2553,4.3
FS-2554,9.4
FS-2555,3.9
FS-2556,-0.8
FS-2557,1.3
FS-2558,0.1
FS-2559,0.6
FS-256,4.6
FS-2560,-1.0
FS-2561,9.7
FS-2562,11.5
FS-2563,1.1
FS-2564,3.5
FS-2565,9.5
FS-2566,2.9
FS-2567,9.3
FS-2568,1.6
FS-2569,-0.5
FS-257,4.4
FS-2570,0.1
FS-2571,5.0
FS-2572,6.0
FS-2573,1.8
FS-2574,-0.1
FS-2575,3.3
FS-2576,0.1
FS-2577,5.3
FS-2578,-0.6
FS-2579,-0.4
FS-258,0.1
FS-2580,2.3
FS-2581,0.5
FS-2582,0.2
FS-2583,-1.9
FS-2584,-1.1
FS-2585,0.1
FS-2586,2.1
FS-2587,7.0
FS-2588,4.0
FS-2589,4.8
FS-259,-0.3
FS-2590,-1.6
FS-2591,-0.6
FS-2592,1.8
FS-2593,0.9
FS-2594,4.1
FS-2595,4.0
FS-2596,0.1
FS-2597,-0.8
FS-2598,9.0
FS-2599,6.5
FS-26,5.1
FS-260,1.7
FS-2600,0.1
FS-2601,-0.7
FS-2602,1.6
FS-2603,11.1
FS-2604,8.4
FS-2605,0.8
FS-2606,-0.3
FS-2607,4.8
FS-2608,0.6
FS-2609,1.3
FS-261,2.2
FS-2610,-1.1
FS-2611,5.9
FS-2612,0.4
FS-2613,2.5
FS-2614,1.5
FS-2615,7.7
FS-2616,0.8
FS-2617,1.5
FS-2618,-0.9
FS-2619,-0.3
FS-262,9.1
FS-2620,0.2
FS-2621,11.8
FS-2622,3.4
FS-2623,8.7
FS-2624,0.7
FS-2625,-0.7
FS-2626,0.6
FS-2627,-0.5
FS-2628,-1.5
FS-2629,-0.8
FS-263,7.6
FS-2630,-0.8
FS-2631,5.4
FS-2632,1.3
FS-2633,-0.6
FS-2634,4.0
FS-2635,4.6
FS-2636,3.1
FS-2637,10.3
FS-2638,0.9
FS-2639,5.3
FS-264,10.9
FS-2640,-0.6
FS-2641,-0.7
FS-2642,1.4
FS-2643,9.6
FS-2644,1.8
FS-2645,-0.3
FS-2646,3.8
FS-2647,4.5
FS-2648,12.4
FS-2649,0.8
FS-265,0.2
FS-2650,-0.2
FS-2651,-1.1
FS-2652,0.6
FS-2653,0.4
FS-2654,-1.6
FS-2655,-0.9
FS-2656,-1.1
FS-2657,9.7
FS-2658,0.2
FS-2659,5.4
FS-266,7.6
FS-2660,-1.2
FS-2661,0.9
FS-2662,1.1
FS-2663,9.0
FS-2664,2.0
FS-2665,3.0
FS-2666,7.5
FS-2667,8.6
FS-2668,2.3
FS-2669,0.6
FS-267,-0.4
FS-2670,-2.7
FS-2671,8.6
FS-2672,11.3
FS-2673,-0.6
FS-2674,0.9
FS-2675,1.8
FS-2676,1.7
FS-2677,4.0
FS-2678,8.3
FS-2679,2.1
FS-268,10.4
FS-2680,0.0
FS-2681,11.3
FS-2682,-1.1
FS-2683,2.6
FS-2684,-1.8
FS-2685,1.4
FS-2686,3.1
FS-2687,0.9
FS-2688,0.4
FS-2689,-0.9
FS-269,9.1
FS-2690,0.4
FS-2691,9.6
FS-2692,6.0
FS-2693,0.6
FS-2694,8.7
FS-2695,0.5
FS-2696,1.7
FS-2697,0.2
FS-2698,6.1
FS-2699,2.6
FS-27,11.2
FS-270,8.5
FS-2700,7.7
FS-2701,9.8
FS-2702,11.8
FS-2703,0.0
FS-2704,8.9
FS-2705,1.5
FS-2706,0.5
FS-2707,-0.2
FS-2708,2.6
FS-2709,-0.8
FS-271,8.6
FS-2710,1.2
FS-2711,0.6
FS-2712,9.0
FS-2713,-0.9
FS-2714,-0.6
FS-2715,-0.8
FS-2716,1.2
FS-2717,0.8
FS-2718,11.1
FS-2719,-0.8
FS-272,3.8
FS-2720,0.1
FS-2721,5.2
FS-2722,2.9
FS-2723,2.9
FS-2724,2.0
FS-2725,0.3
FS-2726,0.9
FS-2727,11.9
FS-2728,0.8
FS-2729,7.8
FS-273,0.4
FS-2730,4.8
FS-2731,-0.3
FS-2732,6.6
FS-2733,6.8
FS-2734,1.2
FS-2735,-0.8
FS-2736,6.9
FS-2737,-0.8
FS-2738,-0.8
FS-2739,-0.3
FS-274,13.0
FS-2740,4.6
FS-2741,8.3
FS-2742,9.8
FS-2743,0.6
FS-2744,2.6
FS-2745,2.2
FS-2746,0.7
FS-2747,-0.7
FS-2748,1.0
FS-2749,1.0
FS-275,6.3
FS-2750,12.5
FS-2751,3.5
FS-2752,4.3
FS-2753,3.6
FS-2754,-1.2
FS-2755,-1.3
FS-2756,1.9
FS-2757,1.2
FS-2758,3.0
FS-2759,1.5
FS-276,-1.4
FS-2760,2.3
FS-2761,2.2
FS-2762,3.8
FS-2763,2.1
FS-2764,-0.8
FS-2765,-0.9
FS-2766,2.3
FS-2767,-1.2
FS-2768,1.2
FS-2769,1.0
FS-277,1.3
FS-2770,4.9
FS-2771,-0.1
FS-2772,-0.1
FS-2773,-2.3
FS-2774,-0.7
FS-2775,1.9
FS-2776,0.5
FS-2777,0.1
FS-2778,3.2
FS-2779,6.7
FS-278,6.1
FS-2780,0.5
FS-2781,4.7
FS-2782,0.0
FS-2783,0.1
FS-2784,8.2
FS-2785,8.5
FS-2786,2.1
FS-2787,3.2
FS-2788,2.0
FS-2789,6.2
FS-279,13.2
FS-2790,1.3
FS-2791,2.3
FS-2792,-0.8
FS-2793,10.1
FS-2794,-0.2
FS-2795,6.8
FS-2796,9.3
FS-2797,4.5
FS-2798,5.8
FS-2799,5.3
FS-28,8.2
FS-280,7.6
FS-2800,7.4
FS-2801,5.2
FS-2802,-0.4
FS-2803,-0.6
FS-2804,-0.4
FS-2805,0.6
FS-2806,3.8
FS-2807,3.8
FS-2808,5.2
FS-2809,0.5
FS-281,11.8
FS-2810,3.3
FS-2811,0.5
FS-2812,-0.6
FS-2813,-1.4
FS-2814,3.0
FS-2815,4.3
FS-2816,2.6
FS-2817,-2.0
FS-2818,1.4
FS-2819,8.3
FS-282,0.8
FS-2820,-0.5
FS-2821,-2.2
FS-2822,-0.1
FS-2823,-1.5
FS-2824,6.6
FS-2825,9.7
FS-2826,4.2
FS-2827,2.0
FS-2828,-0.8
FS-2829,2.1
FS-283,2.2
FS-2830,0.8
FS-2831,0.5
FS-2832,-0.2
FS-2833,1.0
FS-2834,-0.4
FS-2835,-0.2
FS-2836,3.2
FS-2837,-0.3
FS-2838,0.0
FS-2839,10.1
FS-284,13.0
FS-2840,8.1
FS-2841,2.6
FS-2842,-0.7
FS-2843,2.1
FS-2844,-0.4
FS-2845,-0.5
FS-2846,1.0
FS-2847,0.3
FS-2848,1.0
FS-2849,-0.6
FS-285,7.3
FS-2850,5.0
FS-2851,3.0
FS-2852,-1.1
FS-2853,0.5
FS-2854,3.0
FS-2855,0.2
FS-2856,3.6
FS-2857,1.6
FS-2858,-1.2
FS-2859,-0.8
FS-286,7.4
FS-2860,-0.5
FS-2861,-0.9
FS-2862,0.4
FS-2863,-0.9
FS-2864,8.6
FS-2865,1.4
FS-2866,0.0
FS-2867,-0.1
FS-2868,0.5
FS-2869,0.0
FS-287,14.8
FS-2870,0.6
FS-2871,0.3
FS-2872,4.2
FS-2873,-0.8
FS-2874,-0.5
FS-2875,2.3
FS-2876,0.3
FS-2877,-0.7
FS-2878,0.1
FS-2879,0.0
FS-288,12.9
FS-2880,0.0
FS-2881,-0.3
FS-2882,0.3
FS-2883,2.3
FS-2884,0.1
FS-2885,3.4
FS-2886,0.4
FS-2887,0.2
FS-2888,5.7
FS-2889,2.9
FS-289,10.4
FS-2890,-1.5
FS-2891,-0.8
FS-2892,-0.6
FS-2893,3.6
FS-2894,-1.1
FS-2895,-1.4
FS-2896,-1.0
FS-2897,-0.2
FS-2898,6.2
FS-2899,1.5
FS-29,2.8
FS-290,-0.9
FS-2900,0.4
FS-2901,0.3
FS-2902,-0.8
FS-2903,1.0
FS-2904,-1.9
FS-2905,0.0
FS-2906,-0.7
FS-2907,-0.3
FS-2908,-1.4
FS-2909,-0.2
FS-291,9.6
FS-2910,1.6
FS-2911,0.2
FS-2912,0.8
FS-2913,0.2
FS-2914,-1.9
FS-2915,2.5
FS-2916,0.2
FS-2917,0.4
FS-2918,0.3
FS-2919,1.9
FS-292,7.9
FS-2920,-0.7
FS-2921,-0.8
FS-2922,0.1
FS-2923,8.3
FS-2924,-0.3
FS-2925,3.2
FS-2926,0.3
FS-2927,-0.2
FS-2928,0.5
FS-2929,-0.7
FS-293,2.2
FS-2930,-2.1
FS-2931,-1.5
FS-2932,-0.9
FS-2933,7.1
FS-2934,0.7
FS-2935,-0.3
FS-2936,6.6
FS-2937,-1.4
FS-2938,1.4
FS-2939,-0.5
FS-294,11.4
FS-2940,0.6
FS-2941,1.0
FS-2942,-1.1
FS-2943,5.7
FS-2944,6.7
FS-2945,-0.9
FS-2946,5.7
FS-2947,0.7
FS-2948,-0.7
FS-2949,2.0
FS-295,9.5
FS-2950,3.8
FS-2951,-1.7
FS-2952,4.9
FS-2953,2.3
FS-2954,11.4
FS-2955,3.2
FS-2956,6.1
FS-2957,-0.5
FS-2958,0.6
FS-2959,-0.1
FS-296,0.6
FS-2960,-0.4
FS-2961,5.0
FS-2962,14.3
FS-2963,11.3
FS-2964,-0.4
FS-2965,0.3
FS-2966,5.7
FS-2967,7.9
FS-2968,8.4
FS-2969,-1.8
FS-297,7.5
FS-2970,8.8
FS-2971,8.8
FS-2972,12.0
FS-2973,-1.3
FS-2974,-0.9
FS-2975,8.7
FS-2976,11.1
FS-2977,4.6
FS-2978,-1.3
FS-2979,-0.4
FS-298,5.2
FS-2980,0.6
FS-2981,0.9
FS-2982,-0.4
FS-2983,-0.4
FS-2984,4.2
FS-2985,-1.2
FS-2986,0.3
FS-2987,-0.9
FS-2988,-1.1
FS-2989,6.0
FS-299,0.8
FS-2990,0.4
FS-2991,0.4
FS-2992,11.3
FS-2993,1.1
FS-2994,-0.3
FS-2995,2.7
FS-2996,0.5
FS-2997,-0.8
FS-2998,-0.3
FS-2999,0.0
FS-3,4.9
FS-30,-0.2
FS-300,9.8
FS-3000,0.3
FS-3001,4.8
FS-3002,3.3
FS-3003,4.2
FS-3004,-0.2
FS-3005,-0.2
FS-3006,-0.4
FS-3007,0.1
FS-3008,-0.1
FS-3009,3.6
FS-301,-1.1
FS-3010,7.6
FS-3011,12.2
FS-3012,0.7
FS-3013,0.2
FS-3014,-1.0
FS-3015,0.2
FS-3016,-1.7
FS-3017,6.7
FS-3018,-0.9
FS-3019,-1.2
FS-302,4.3
FS-3020,-0.4
FS-3021,1.1
FS-3022,-0.4
FS-3023,0.5
FS-3024,1.2
FS-3025,6.4
FS-3026,10.5
FS-3027,3.1
FS-3028,0.1
FS-3029,0.6
FS-303,12.4
FS-3030,1.5
FS-3031,-1.2
FS-3032,-0.9
FS-3033,-0.4
FS-3034,-1.2
FS-3035,10.8
FS-3036,9.8
FS-3037,9.9
FS-3038,10.2
FS-3039,2.1
FS-304,5.4
FS-3040,-0.2
FS-3041,-0.9
FS-3042,-1.1
FS-3043,2.6
FS-3044,-0.3
FS-3045,3.2
FS-3046,-0.2
FS-3047,-0.6
FS-3048,-1.5
FS-3049,0.9
FS-305,0.6
FS-3050,5.0
FS-3051,2.7
FS-3052,11.5
FS-3053,9.6
FS-3054,-0.1
FS-3055,2.2
FS-3056,8.7
FS-3057,-0.2
FS-3058,0.1
FS-3059,-0.8
FS-306,9.9
FS-3060,0.8
FS-3061,9.6
FS-3062,7.4
FS-3063,3.1
FS-3064,0.3
FS-3065,-0.2
FS-3066,7.7
FS-3067,8.0
FS-3068,8.2
FS-3069,8.3
FS-307,1.7
FS-3070,-0.7
FS-3071,0.1
FS-3072,-0.1
FS-3073,-1.2
FS-3074,-0.4
FS-3075,5.3
FS-3076,0.5
FS-3077,1.9
FS-3078,0.7
FS-3079,-1.0
FS-308,8.1
FS-3080,-0.5
FS-3081,-0.5
FS-3082,0.2
FS-3083,9.5
FS-3084,9.0
FS-3085,-1.0
FS-3086,5.7
FS-3087,-2.2
FS-3088,1.3
FS-3089,-0.9
FS-309,12.0
FS-3090,0.4
FS-3091,2.9
FS-3092,10.1
FS-3093,1.5
FS-3094,1.0
FS-3095,1.9
FS-3096,-0.3
FS-3097,-1.4
FS-3098,0.0
FS-3099,0.8
FS-31,1.0
FS-310,8.9
FS-3100,-0.9
FS-3101,2.2
FS-3102,-0.4
FS-3103,-1.2
FS-3104,0.2
FS-3105,0.7
FS-3106,7.5
FS-3107,3.3
FS-3108,7.0
FS-3109,-0.4
FS-311,5.8
FS-3110,5.1
FS-3111,6.4
FS-3112,-0.7
FS-3113,9.5
FS-3114,-1.2
FS-3115,2.9
FS-3116,6.0
FS-3117,9.1
FS-3118,4.3
FS-3119,0.7
FS-312,6.2
FS-3120,-0.3
FS-3121,-0.3
FS-3122,1.7
FS-3123,5.1
FS-3124,2.0
FS-3125,7.6
FS-3126,-0.7
FS-3127,5.9
FS-3128,0.4
FS-3129,1.4
FS-313,10.9
FS-3130,4.0
FS-3131,-0.2
FS-3132,0.6
FS-3133,1.7
FS-3134,0.6
FS-3135,2.0
FS-3136,-1.8
FS-3137,-0.3
FS-3138,-0.5
FS-3139,1.4
FS-314,10.0
FS-3140,2.5
FS-3141,-1.0
FS-3142,-1.3
FS-3143,-0.7
FS-3144,-0.8
FS-3145,2.2
FS-3146,-0.3
FS-3147,1.2
FS-3148,5.9
FS-3149,1.2
FS-315,-1.2
FS-3150,10.1
FS-3151,-0.2
FS-3152,10.2
FS-3153,0.6
FS-3154,3.1
FS-3155,1.7
FS-3156,7.3
FS-3157,1.7
FS-3158,10.3
FS-3159,5.0
FS-316,2.4
FS-3160,-1.0
FS-3161,3.2
FS-3162,0.8
FS-3163,0.8
FS-3164,6.6
FS-3165,5.8
FS-3166,10.5
FS-3167,-0.4
FS-3168,5.3
FS-3169,6.5
FS-317,0.2
FS-3170,-1.2
FS-3171,6.6
FS-3172,6.5
FS-3173,7.0
FS-3174,10.3
FS-3175,0.3
FS-3176,10.7
FS-3177,5.3
FS-3178,0.5
FS-3179,0.0
FS-318,12.5
FS-3180,-0.6
FS-3181,5.7
FS-3182,-0.6
FS-3183,9.2
FS-3184,4.4
FS-3185,8.4
FS-3186,-0.3
FS-3187,0.5
FS-3188,0.1
FS-3189,13.3
FS-319,-0.6
FS-3190,6.8
FS-3191,-0.6
FS-3192,0.5
FS-3193,8.1
FS-3194,6.5
FS-3195,1.7
FS-3196,-1.4
FS-3197,1.4
FS-3198,0.0
FS-3199,2.7
FS-32,1.0
FS-320,5.9
FS-3200,8.1
FS-3201,1.3
FS-3202,2.7
FS-3203,-0.2
FS-3204,6.1
FS-3205,8.1
FS-3206,-1.2
FS-3207,1.0
FS-3208,2.3
FS-3209,-0.2
FS-321,12.3
FS-3210,-0.9
FS-3211,1.8
FS-3212,6.8
FS-3213,-0.4
FS-3214,7.2
FS-3215,-0.8
FS-3216,4.2
FS-3217,-0.2
FS-3218,-0.3
FS-3219,3.5
FS-322,0.0
FS-3220,-0.3
FS-3221,1.6
FS-3222,-0.5
FS-3223,0.7
FS-3224,7.1
FS-3225,4.2
FS-3226,10.5
FS-3227,0.3
FS-3228,9.2
FS-3229,4.5
FS-323,5.0
FS-3230,5.8
FS-3231,-1.7
FS-3232,4.6
FS-3233,-0.1
FS-3234,-0.4
FS-3235,-1.7
FS-3236,4.3
FS-3237,6.2
FS-3238,0.6
FS-3239,3.0
FS-324,4.9
FS-3240,12.5
FS-3241,8.4
FS-3242,-0.7
FS-3243,0.1
FS-3244,-1.4
FS-3245,-0.8
FS-3246,5.5
FS-3247,-0.9
FS-3248,4.2
FS-3249,8.2
FS-325,-1.4
FS-3250,0.9
FS-3251,-0.4
FS-3252,7.1
FS-3253,-0.6
FS-3254,1.0
FS-3255,-1.4
FS-3256,-0.9
FS-3257,8.4
FS-3258,5.5
FS-3259,-0.8
FS-326,8.6
FS-3260,7.9
FS-3261,0.2
FS-3262,5.9
FS-3263,8.3
FS-3264,7.6
FS-3265,-1.0
FS-327,-0.9
FS-328,8.7
FS-329,2.7
FS-33,7.4
FS-330,8.6
FS-331,1.4
FS-332,5.3
FS-333,6.3
FS-334,10.0
FS-335,-1.2
FS-336,0.2
FS-337,4.4
FS-338,6.6
FS-339,-0.4
FS-34,-0.4
FS-340,4.1
FS-341,0.9
FS-342,8.6
FS-343,5.1
FS-344,2.0
FS-345,1.9
FS-346,7.6
FS-347,0.3
FS-348,10.1
FS-349,11.0
FS-35,1.8
FS-350,12.2
FS-351,8.7
FS-352,0.8
FS-353,0.6
FS-354,0.7
FS-355,12.7
FS-356,3.1
FS-357,0.9
FS-358,0.0
FS-359,0.9
FS-36,5.6
FS-360,7.4
FS-361,7.6
FS-362,4.5
FS-363,13.0
FS-364,6.4
FS-365,9.3
FS-366,9.3
FS-367,-0.4
FS-368,13.9
FS-369,14.9
FS-37,4.9
FS-370,7.9
FS-371,-1.1
FS-372,10.0
FS-373,4.7
FS-374,3.3
FS-375,10.4
FS-376,5.2
FS-377,6.2
FS-378,9.4
FS-379,-0.7
FS-38,1.9
FS-380,8.8
FS-381,6.3
FS-382,1.5
FS-383,10.0
FS-384,1.7
FS-385,6.4
FS-386,11.7
FS-387,11.6
FS-388,10.4
FS-389,0.4
FS-39,5.4
FS-390,4.0
FS-391,9.9
FS-392,-1.3
FS-393,5.6
FS-394,0.1
FS-395,12.0
FS-396,11.5
FS-397,0.0
FS-398,10.8
FS-399,9.1
FS-4,2.6
FS-40,0.3
FS-400,5.8
FS-401,3.3
FS-402,-0.4
FS-403,8.0
FS-404,10.7
FS-405,2.7
FS-406,9.8
FS-407,13.0
FS-408,0.4
FS-409,6.8
FS-41,6.8
FS-410,7.7
FS-411,8.9
FS-412,-0.6
FS-413,-1.2
FS-414,-0.8
FS-415,4.4
FS-416,-1.1
FS-417,11.5
FS-418,1.0
FS-419,2.8
FS-42,10.5
FS-420,10.7
FS-421,1.3
FS-422,7.2
FS-423,3.9
FS-424,0.0
FS-425,14.4
FS-426,11.1
FS-427,3.9
FS-428,11.3
FS-429,3.9
FS-43,-1.6
FS-430,8.5
FS-431,6.4
FS-432,11.8
FS-433,-0.8
FS-434,9.1
FS-435,10.8
FS-436,7.1
FS-437,1.3
FS-438,5.4
FS-439,-0.4
FS-44,8.9
FS-440,6.7
FS-441,12.3
FS-442,5.7
FS-443,0.4
FS-444,0.4
FS-445,7.5
FS-446,0.7
FS-447,-0.8
FS-448,10.0
FS-449,0.2
FS-45,1.6
FS-450,1.7
FS-451,-0.3
FS-452,6.4
FS-453,9.3
FS-454,11.2
FS-455,2.0
FS-456,12.8
FS-457,-0.7
FS-458,2.0
FS-459,9.6
FS-46,11.3
FS-460,12.9
FS-461,10.4
FS-462,11.0
FS-463,9.6
FS-464,0.4
FS-465,-0.8
FS-466,-0.5
FS-467,8.0
FS-468,0.4
FS-469,2.8
FS-47,10.0
FS-470,3.5
FS-471,10.1
FS-472,14.1
FS-473,6.5
FS-474,0.6
FS-475,6.6
FS-476,13.1
FS-477,-0.6
FS-478,1.5
FS-479,2.2
FS-48,6.5
FS-480,11.2
FS-481,1.6
FS-482,0.8
FS-483,1.4
FS-484,-0.1
FS-485,0.7
FS-486,10.8
FS-487,1.5
FS-488,3.5
FS-489,11.1
FS-49,9.6
FS-490,8.2
FS-491,12.7
FS-492,-0.5
FS-493,8.1
FS-494,12.0
FS-495,1.0
FS-496,11.4
FS-497,10.7
FS-498,0.6
FS-499,7.8
FS-5,13.0
FS-50,9.2
FS-500,10.3
FS-501,8.2
FS-502,11.6
FS-503,6.0
FS-504,9.8
FS-505,-0.5
FS-506,-1.1
FS-507,10.4
FS-508,4.0
FS-509,9.8
FS-51,11.0
FS-510,-0.1
FS-511,5.2
FS-512,1.2
FS-513,6.0
FS-514,11.2
FS-515,1.5
FS-516,11.2
FS-517,1.0
FS-518,3.4
FS-519,9.5
FS-52,8.3
FS-520,1.0
FS-521,11.3
FS-522,8.8
FS-523,6.4
FS-524,0.2
FS-525,14.3
FS-526,10.4
FS-527,2.8
FS-528,10.4
FS-529,-0.6
FS-53,2.9
FS-530,1.3
FS-531,7.1
FS-532,9.5
FS-533,6.0
FS-534,-1.0
FS-535,8.7
FS-536,1.9
FS-537,2.5
FS-538,8.9
FS-539,1.9
FS-54,0.3
FS-540,12.0
FS-541,4.3
FS-542,12.4
FS-543,7.8
FS-544,-1.5
FS-545,2.9
FS-546,7.1
FS-547,-0.9
FS-548,4.5
FS-549,7.2
FS-55,9.4
FS-550,2.3
FS-551,9.8
FS-552,8.6
FS-553,2.2
FS-554,5.5
FS-555,5.9
FS-556,9.9
FS-557,1.3
FS-558,8.6
FS-559,14.2
FS-56,4.9
FS-560,11.3
FS-561,12.1
FS-562,4.2
FS-563,11.3
FS-564,2.5
FS-565,1.1
FS-566,2.7
FS-567,9.1
FS-568,14.5
FS-569,3.1
FS-57,4.7
FS-570,7.8
FS-571,3.1
FS-572,1.2
FS-573,15.8
FS-574,0.9
FS-575,-0.6
FS-576,1.1
FS-577,0.7
FS-578,7.9
FS-579,11.8
FS-58,10.1
FS-580,4.2
FS-581,-0.3
FS-582,9.7
FS-583,7.5
FS-584,6.9
FS-585,13.3
FS-586,3.8
FS-587,10.7
FS-588,-0.2
FS-589,-0.6
FS-59,6.2
FS-590,9.5
FS-591,0.6
FS-592,2.2
FS-593,15.0
FS-594,5.8
FS-595,1.0
FS-596,3.2
FS-597,0.0
FS-598,13.1
FS-599,10.3
FS-6,7.3
FS-60,1.7
FS-600,-0.4
FS-601,5.2
FS-602,12.5
FS-603,10.7
FS-604,12.2
FS-605,0.5
FS-606,5.1
FS-607,7.2
FS-608,9.2
FS-609,10.8
FS-61,-0.5
FS-610,12.6
FS-611,10.2
FS-612,0.0
FS-613,2.5
FS-614,10.0
FS-615,1.0
FS-616,10.7
FS-617,8.0
FS-618,10.6
FS-619,11.3
FS-62,1.3
FS-620,14.1
FS-621,11.3
FS-622,14.6
FS-623,-0.6
FS-624,4.0
FS-625,-0.7
FS-626,3.8
FS-627,5.3
FS-628,8.0
FS-629,-0.6
FS-63,8.7
FS-630,11.0
FS-631,-0.9
FS-632,9.7
FS-633,-0.8
FS-634,9.7
FS-635,9.0
FS-636,0.8
FS-637,9.2
FS-638,5.5
FS-639,6.8
FS-64,8.8
FS-640,2.2
FS-641,10.7
FS-642,8.9
FS-643,12.5
FS-644,11.8
FS-645,0.2
FS-646,2.1
FS-647,7.1
FS-648,14.4
FS-649,10.9
FS-65,7.2
FS-650,9.5
FS-651,11.7
FS-652,-0.2
FS-653,2.6
FS-654,1.9
FS-655,8.3
FS-656,0.0
FS-657,-0.5
FS-658,-0.1
FS-659,-0.6
FS-66,0.6
FS-660,10.9
FS-661,6.6
FS-662,0.3
FS-663,13.2
FS-664,1.0
FS-665,12.5
FS-666,4.2
FS-667,10.5
FS-668,4.9
FS-669,-1.7
FS-67,10.1
FS-670,10.3
FS-671,1.6
FS-672,6.8
FS-673,4.9
FS-674,4.3
FS-675,-1.0
FS-676,-0.3
FS-677,-0.1
FS-678,5.3
FS-679,0.8
FS-68,10.4
FS-680,6.2
FS-681,12.7
FS-682,-1.2
FS-683,5.4
FS-684,10.0
FS-685,12.5
FS-686,9.5
FS-687,8.5
FS-688,7.0
FS-689,12.6
FS-69,10.5
FS-690,11.5
FS-691,-0.1
FS-692,-0.1
FS-693,6.7
FS-694,-0.1
FS-695,9.5
FS-696,2.2
FS-697,2.5
FS-698,12.8
FS-699,12.2
FS-7,6.4
FS-70,10.3
FS-700,15.0
FS-701,-0.7
FS-702,9.8
FS-703,6.1
FS-704,-0.4
FS-705,-0.3
FS-706,6.7
FS-707,10.1
FS-708,10.5
FS-709,8.8
FS-71,8.7
FS-710,12.1
FS-711,8.0
FS-712,1.7
FS-713,0.7
FS-714,5.4
FS-715,15.2
FS-716,4.2
FS-717,-0.3
FS-718,3.0
FS-719,6.0
FS-72,11.2
FS-720,-0.1
FS-721,8.1
FS-722,1.1
FS-723,0.1
FS-724,6.5
FS-725,1.3
FS-726,1.0
FS-727,3.0
FS-728,0.8
FS-729,7.4
FS-73,6.0
FS-730,2.2
FS-731,4.1
FS-732,1.7
FS-733,5.5
FS-734,2.6
FS-735,10.0
FS-736,3.4
FS-737,9.6
FS-738,9.4
FS-739,-0.9
FS-74,-1.2
FS-740,3.3
FS-741,-1.0
FS-742,-0.7
FS-743,6.0
FS-744,10.8
FS-745,11.0
FS-746,14.6
FS-747,3.6
FS-748,9.2
FS-749,2.4
FS-75,0.8
FS-750,7.1
FS-751,0.2
FS-752,11.2
FS-753,0.3
FS-754,-0.1
FS-755,1.1
FS-756,2.6
FS-757,0.5
FS-758,-0.4
FS-759,4.0
FS-76,10.6
FS-760,9.8
FS-761,5.0
FS-762,10.3
FS-763,6.5
FS-764,0.2
FS-765,10.4
FS-766,5.5
FS-767,5.5
FS-768,-0.2
FS-769,-1.0
FS-77,-1.7
FS-770,3.2
FS-771,-1.7
FS-772,12.7
FS-773,8.2
FS-774,5.2
FS-775,6.6
FS-776,-0.1
FS-777,0.6
FS-778,1.4
FS-779,0.6
FS-78,11.9
FS-780,9.0
FS-781,7.5
FS-782,7.8
FS-783,8.3
FS-784,-0.7
FS-785,0.6
FS-786,5.8
FS-787,-0.4
FS-788,11.2
FS-789,13.1
FS-79,-0.6
FS-790,0.5
FS-791,10.0
FS-792,8.3
FS-793,11.8
FS-794,12.6
FS-795,11.5
FS-796,4.9
FS-797,0.2
FS-798,4.6
FS-799,11.3
FS-8,8.2
FS-80,9.9
FS-800,3.6
FS-801,5.1
FS-802,4.0
FS-803,1.8
FS-804,12.6
FS-805,2.3
FS-806,2.5
FS-807,0.6
FS-808,0.3
FS-809,12.2
FS-81,6.2
FS-810,4.1
FS-811,-0.4
FS-812,2.1
FS-813,12.3
FS-814,15.0
FS-815,4.5
FS-816,7.8
FS-817,-2.3
FS-818,1.8
FS-819,-0.1
FS-82,10.6
FS-820,8.8
FS-821,9.0
FS-822,5.2
FS-823,0.1
FS-824,9.2
FS-825,9.8
FS-826,11.4
FS-827,8.3
FS-828,10.9
FS-829,0.9
FS-83,0.0
FS-830,0.6
FS-831,-0.3
FS-832,-1.1
FS-833,5.7
FS-834,2.7
FS-835,6.1
FS-836,10.3
FS-837,8.2
FS-838,14.7
FS-839,0.0
FS-84,9.2
FS-840,7.2
FS-841,5.2
FS-842,0.1
FS-843,-0.5
FS-844,14.3
FS-845,6.0
FS-846,0.8
FS-847,11.1
FS-848,7.2
FS-849,-0.1
FS-85,0.0
FS-850,2.4
FS-851,13.1
FS-852,0.2
FS-853,4.9
FS-854,9.7
FS-855,7.9
FS-856,11.2
FS-857,13.4
FS-858,0.2
FS-859,7.9
FS-86,2.6
FS-860,2.3
FS-861,11.5
FS-862,1.8
FS-863,3.7
FS-864,7.4
FS-865,4.4
FS-866,5.3
FS-867,3.0
FS-868,9.1
FS-869,0.5
FS-87,7.9
FS-870,7.9
FS-871,-1.0
FS-872,8.8
FS-873,0.7
FS-874,12.0
FS-875,-0.5
FS-876,-1.2
FS-877,8.4
FS-878,6.4
FS-879,10.9
FS-88,5.9
FS-880,13.4
FS-881,9.6
FS-882,1.3
FS-883,-0.8
FS-884,2.4
FS-885,-0.6
FS-886,8.8
FS-887,9.2
FS-888,8.5
FS-889,10.2
FS-89,0.3
FS-890,9.4
FS-891,9.6
FS-892,13.0
FS-893,2.9
FS-894,1.1
FS-895,3.8
FS-896,6.0
FS-897,5.7
FS-898,11.1
FS-899,0.7
FS-9,9.8
FS-90,4.6
FS-900,0.0
FS-901,2.3
FS-902,2.8
FS-903,5.6
FS-904,8.9
FS-905,4.3
FS-906,11.2
FS-907,8.0
FS-908,0.6
FS-909,0.6
FS-91,7.5
FS-910,2.2
FS-911,-0.5
FS-912,3.9
FS-913,5.0
FS-914,10.1
FS-915,0.2
FS-916,-0.9
FS-917,1.0
FS-918,0.0
FS-919,2.1
FS-92,10.3
FS-920,0.0
FS-921,5.0
FS-922,3.3
FS-923,0.5
FS-924,5.6
FS-925,9.0
FS-926,0.0
FS-927,10.6
FS-928,10.4
FS-929,0.4
FS-93,-1.2
FS-930,12.2
FS-931,7.6
FS-932,8.2
FS-933,7.1
FS-934,12.1
FS-935,9.3
FS-936,3.7
FS-937,-0.2
FS-938,9.4
FS-939,0.6
FS-94,11.8
FS-940,13.3
FS-941,-1.0
FS-942,8.1
FS-943,4.7
FS-944,11.8
FS-945,10.0
FS-946,1.2
FS-947,-0.8
FS-948,8.3
FS-949,12.3
FS-95,3.1
FS-950,0.3
FS-951,0.1
FS-952,13.4
FS-953,0.8
FS-954,7.4
FS-955,13.5
FS-956,13.6
FS-957,11.6
FS-958,11.4
FS-959,11.1
FS-96,4.6
FS-960,10.2
FS-961,10.9
FS-962,3.2
FS-963,10.6
FS-964,11.2
FS-965,4.7
FS-966,-0.2
FS-967,0.3
FS-968,13.9
FS-969,0.4
FS-97,11.2
FS-970,6.6
FS-971,7.8
FS-972,8.6
FS-973,8.9
FS-974,8.4
FS-975,8.6
FS-976,7.7
FS-977,6.4
FS-978,0.1
FS-979,5.5
FS-98,9.7
FS-980,11.1
FS-981,0.0
FS-982,1.1
FS-983,2.0
FS-984,5.1
FS-985,4.9
FS-986,0.9
FS-987,0.6
FS-988,-0.9
FS-989,3.0
FS-99,3.3
FS-990,9.5
FS-991,5.5
FS-992,-0.5
FS-993,10.6
FS-994,-0.6
FS-995,0.0
FS-996,9.0
FS-997,12.9
FS-998,6.2
FS-999,3.1
FU1,0.4
FU10,1.7
FU2,12.7
FU3,10.2
FU4,5.8
FU5,8.5
FU6,5.8
FU7,0.1
FU8,8.0
FU9,11.0
HC1,2.1
HC10,-0.1
HC100,-0.4
HC1000,0.7
HC1001,-0.9
HC1002,-0.2
HC1003,-0.9
HC1004,-1.2
HC1005,-1.4
HC1006,-0.6
HC1007,-0.1
HC1008,-1.2
HC1009,1.2
HC101,1.7
HC1010,0.0
HC1011,1.0
HC1012,-0.9
HC1013,0.6
HC1014,-0.4
HC1015,0.4
HC1016,-1.2
HC1017,-0.6
HC1018,-0.4
HC1019,-1.2
HC102,-1.2
HC1020,0.4
HC1021,0.2
HC1022,1.6
HC1023,0.8
HC1024,0.5
HC1025,-0.5
HC1026,-0.1
HC1027,-0.7
HC1028,0.2
HC1029,1.2
HC103,-1.1
HC1030,-0.2
HC1031,0.8
HC1032,-0.2
HC1033,0.4
HC1034,0.6
HC1035,0.3
HC1036,0.6
HC1037,0.8
HC1038,2.2
HC1039,-0.9
HC104,-0.6
HC1040,0.3
HC1041,2.4
HC1042,-0.1
HC1043,-0.8
HC1044,-0.9
HC1045,-1.1
HC1046,0.8
HC1047,-0.1
HC1048,0.5
HC1049,0.6
HC105,1.5
HC1050,-1.1
HC1051,0.1
HC1052,-0.9
HC1053,-0.2
HC1054,-0.7
HC1055,-0.6
HC1056,0.1
HC1057,-0.8
HC1058,0.3
HC1059,-0.5
HC106,0.2
HC1060,0.0
HC1061,-1.2
HC1062,0.0
HC1063,0.3
HC1064,-0.8
HC1065,-0.8
HC1066,-0.9
HC1067,-0.9
HC1068,0.3
HC1069,0.9
HC107,-0.9
HC1070,0.0
HC1071,-1.7
HC1072,1.0
HC1073,-1.3
HC1074,-0.8
HC1075,-0.9
HC1076,-0.5
HC1077,0.1
HC1078,-1.2
HC1079,-0.4
HC108,0.2
HC1080,1.1
HC1081,0.6
HC1082,-0.2
HC1083,-0.6
HC1084,-1.7
HC1085,0.2
HC1086,-0.9
HC1087,1.5
HC1088,-0.9
HC1089,-0.7
HC109,1.0
HC1090,1.1
HC1091,-1.0
HC1092,-0.7
HC1093,-0.4
HC1094,0.6
HC1095,-0.2
HC1096,-0.8
HC1097,-2.5
HC1098,0.4
HC1099,0.7
HC11,0.7
HC110,0.4
HC1100,1.2
HC1101,-0.1
HC1102,-0.4
HC1103,0.1
HC1104,-0.3
HC1105,-0.1
HC1106,-0.4
HC1107,0.6
HC1108,0.8
HC1109,-1.8
HC111,2.6
HC1110,-1.8
HC1111,0.1
HC1112,-0.3
HC1113,-0.5
HC1114,-0.2
HC1115,-1.9
HC1116,0.1
HC1117,-0.4
HC1118,0.2
HC1119,1.0
HC112,1.1
HC1120,0.4
HC1121,-0.1
HC1122,1.3
HC1123,1.1
HC1124,-1.0
HC1125,0.2
HC1126,1.8
HC1127,-0.4
HC1128,-0.8
HC1129,-1.0
HC113,1.0
HC1130,-0.9
HC1131,0.1
HC1132,1.1
HC1133,-0.1
HC1134,-0.2
HC1135,0.4
HC1136,-0.5
HC1137,0.0
HC1138,-0.8
HC1139,1.1
HC114,-0.6
HC1140,0.1
HC1141,-0.6
HC1142,-0.7
HC1143,-0.4
HC1144,-0.5
HC1146,2.4
HC1147,-1.8
HC1148,-1.3
HC1149,-0.3
HC1150,-0.5
HC1151,-0.5
HC1152,0.2
HC1153,-1.2
HC1154,-0.1
HC1155,-1.3
HC1156,-0.5
HC1157,3.1
HC1158,1.6
HC1159,0.3
HC116,2.3
HC1160,1.4
HC1161,-0.7
HC1162,-1.1
HC1163,-0.1
HC1164,0.8
HC1165,-0.7
HC1166,-1.4
HC1167,0.5
HC1168,-0.7
HC1169,-0.9
HC117,-0.2
HC1170,1.4
HC1171,1.0
HC1172,1.8
HC1173,-0.6
HC1174,-0.1
HC1175,-1.0
HC1176,-2.3
HC1177,0.7
HC1178,0.0
HC1179,0.6
HC118,2.3
HC1180,2.3
HC1181,0.3
HC1182,0.3
HC1183,1.0
HC1184,2.4
HC1185,-0.1
HC1186,1.4
HC1187,1.6
HC1188,1.4
HC1189,-0.6
HC119,-0.9
HC1190,0.0
HC1191,0.2
HC1192,0.7
HC1193,-1.2
HC1194,-0.6
HC1195,-0.1
HC1196,-2.5
HC1197,0.2
HC1198,-1.9
HC1199,-0.1
HC12,1.4
HC120,0.0
HC1200,-1.1
HC1201,-1.3
HC1202,-0.9
HC1203,-1.9
HC1204,-0.7
HC1205,-0.2
HC1206,-0.6
HC1207,-0.4
HC1208,-1.0
HC1209,-0.8
HC121,1.2
HC1210,0.2
HC1211,-0.9
HC1212,-0.5
HC1213,-0.6
HC1214,0.6
HC1215,-0.9
HC1216,0.7
HC1217,0.3
HC1218,-1.1
HC1219,-1.4
HC122,-0.2
HC1220,-0.9
HC1221,-1.0
HC1222,-2.0
HC1223,-1.1
HC1224,-0.6
HC1225,-1.5
HC1226,-2.1
HC1227,-0.3
HC1228,0.7
HC1229,-2.6
HC123,0.1
HC1230,0.0
HC1231,-0.8
HC1232,0.1
HC1233,-0.6
HC1234,-0.9
HC1235,-0.4
HC1236,-0.4
HC1237,-1.2
HC1238,0.5
HC1239,-0.3
HC124,-1.8
HC1240,0.8
HC1241,-0.5
HC1242,-1.2
HC1243,0.1
HC1244,0.8
HC1245,-1.1
HC1246,-0.2
HC1247,0.8
HC1248,-1.5
HC1249,-0.4
HC125,0.4
HC1250,-0.2
HC1251,0.7
HC1252,0.0
HC1253,4.1
HC1254,3.4
HC1255,0.8
HC1256,0.9
HC1257,-1.0
HC1258,0.1
HC1259,-0.5
HC126,1.7
HC1260,1.5
HC1261,0.8
HC1262,0.2
HC1263,1.1
HC1264,-1.8
HC1265,0.6
HC1266,0.6
HC1267,-0.6
HC1268,-0.7
HC1269,-0.4
HC127,0.2
HC1270,-0.7
HC1271,-0.2
HC1272,1.6
HC1273,-1.1
HC1274,0.4
HC1275,1.6
HC1276,1.1
HC1277,0.9
HC1278,1.0
HC1279,-0.7
HC128,-0.7
HC1280,-0.3
HC1281,-1.5
HC1282,0.4
HC1283,-1.6
HC1284,-1.5
HC1285,-0.5
HC1286,-0.3
HC1287,0.9
HC1288,-1.3
HC1289,0.0
HC129,-0.8
HC1290,-0.7
HC1291,-0.3
HC1292,0.5
HC1293,-0.5
HC1294,-0.7
HC1295,1.0
HC1296,-1.4
HC1297,-0.5
HC1298,1.4
HC1299,1.4
HC13,1.2
HC130,-1.7
HC1300,0.5
HC1301,-1.5
HC1302,-0.2
HC1303,-0.9
HC1304,0.6
HC1305,-1.4
HC1306,0.6
HC1307,-1.1
HC1308,2.3
HC1309,0.8
HC131,-2.1
HC1310,-0.2
HC1311,-0.1
HC1312,0.8
HC1313,-0.3
HC1314,0.4
HC1315,-0.7
HC1316,-0.3
HC1317,0.7
HC1318,-0.4
HC1319,0.0
HC132,-0.2
HC1320,-0.6
HC1321,0.6
HC1322,0.0
HC1323,12.7
HC1324,11.4
HC1325,-0.7
HC1326,0.7
HC1327,0.8
HC1328,0.0
HC1329,-0.3
HC133,0.7
HC1330,-0.4
HC1331,-1.5
HC1332,-0.3
HC1333,2.1
HC1334,-0.5
HC1335,0.5
HC1336,-0.8
HC1337,0.4
HC1338,-0.7
HC1339,0.5
HC134,-0.7
HC1340,0.4
HC1341,0.6
HC1342,-1.2
HC1343,0.9
HC1344,-0.2
HC1345,-2.2
HC1346,-1.7
HC1347,0.6
HC1348,0.1
HC1349,-1.8
HC135,0.7
HC1350,-0.9
HC1351,1.3
HC1352,0.8
HC1353,0.4
HC1354,0.3
HC1355,1.0
HC1356,-0.6
HC1357,-1.3
HC1358,-0.3
HC1359,-1.0
HC136,0.2
HC1360,-0.9
HC1361,1.9
HC1362,0.5
HC1363,1.2
HC1364,-0.8
HC1365,-1.3
HC1366,0.9
HC1367,-0.7
HC1368,-0.2
HC137,-0.8
HC1370,0.4
HC1371,-1.4
HC1372,-0.9
HC1373,1.0
HC1374,1.5
HC1375,-0.8
HC1376,-0.8
HC1377,0.1
HC1378,-1.4
HC1379,0.9
HC138,0.5
HC1380,0.2
HC1381,0.1
HC1382,-0.6
HC1383,-1.0
HC1384,0.4
HC1385,-0.3
HC1386,1.5
HC1387,0.2
HC1388,1.2
HC1389,0.1
HC139,-1.2
HC1390,0.1
HC1391,0.1
HC1392,0.4
HC1393,0.4
HC1394,1.3
HC1395,-0.4
HC1396,-1.1
HC1397,-1.6
HC1398,1.3
HC1399,0.6
HC14,1.4
HC140,-0.7
HC1400,-0.3
HC1401,-0.6
HC1402,-0.7
HC1403,-1.6
HC1404,-1.0
HC1405,0.0
HC1406,-0.5
HC1407,1.0
HC1408,2.2
HC1409,0.2
HC141,0.4
HC1410,-0.5
HC1411,1.0
HC1412,-1.3
HC1413,1.3
HC1414,0.2
HC1415,-1.3
HC1416,0.5
HC1417,-1.8
HC1418,-0.5
HC1419,0.3
HC142,0.0
HC1420,0.5
HC1421,0.7
HC1422,-0.1
HC1423,2.6
HC1424,1.7
HC1425,0.1
HC1426,-1.3
HC1427,-0.2
HC1428,-1.3
HC1429,-0.8
HC143,0.0
HC1430,0.1
HC1431,-0.5
HC1432,0.8
HC1433,0.3
HC1434,-0.9
HC1435,0.0
HC1436,-0.2
HC1437,-1.6
HC1438,1.5
HC1439,1.6
HC144,0.1
HC1440,0.5
HC1441,-1.0
HC1442,-0.9
HC1443,-1.1
HC1444,-2.1
HC1445,0.7
HC1446,-0.3
HC1447,-1.5
HC1448,0.0
HC1449,-1.5
HC145,-0.8
HC1450,-0.7
HC1451,-2.3
HC1452,-1.7
HC1453,-0.3
HC1454,-0.5
HC1455,1.2
HC1456,0.2
HC1457,-0.1
HC1458,0.2
HC1459,0.8
HC146,-0.2
HC1460,-0.7
HC1461,-1.0
HC1462,0.5
HC1463,-0.7
HC1464,0.3
HC1465,1.8
HC1466,-1.0
HC1467,-0.2
HC1468,-0.7
HC1469,0.0
HC147,0.8
HC1470,-0.8
HC1471,-1.0
HC1472,-0.5
HC1473,0.3
HC1474,-0.1
HC1475,1.4
HC1476,-0.4
HC1477,-1.0
HC1478,-0.7
HC1479,-0.1
HC148,0.3
HC1480,-1.6
HC1481,1.0
HC1482,1.0
HC1483,-0.4
HC1484,-1.2
HC1485,-0.3
HC1486,0.5
HC1487,-0.6
HC1488,0.3
HC1489,1.2
HC149,-0.4
HC1490,-1.3
HC1491,0.1
HC1492,-0.1
HC1493,-1.4
HC1494,1.0
HC1495,-0.6
HC1496,0.2
HC1497,-0.2
HC1498,-0.6
HC1499,0.0
HC15,0.4
HC150,-0.8
HC1500,-0.2
HC1501,-0.2
HC1502,-0.1
HC1503,-0.2
HC1504,0.1
HC1505,1.3
HC1506,-0.5
HC1507,-0.4
HC1508,0.6
HC1509,-1.2
HC151,-0.1
HC1510,-0.2
HC1511,-1.0
HC1512,-0.6
HC1513,0.0
HC1514,0.8
HC1515,-0.3
HC1516,-0.6
HC1517,-0.1
HC1518,-1.1
HC1519,0.3
HC152,-1.0
HC1520,-1.5
HC1521,-0.7
HC1522,-0.9
HC1523,-0.6
HC1524,1.2
HC1525,2.4
HC1526,-1.6
HC1527,-1.5
HC1528,-2.3
HC1529,-1.4
HC153,-0.8
HC1530,0.4
HC1531,0.2
HC1532,0.8
HC1533,-0.5
HC1534,0.3
HC1535,-1.6
HC1536,1.2
HC1537,-0.9
HC1538,-0.6
HC1539,0.5
HC154,0.3
HC1540,1.3
HC1541,-0.2
HC1542,1.0
HC1543,-1.0
HC1544,-0.6
HC1545,0.5
HC1546,-0.4
HC1547,-0.1
HC1548,1.7
HC1549,-0.7
HC1550,0.7
HC1551,-0.4
HC1552,0.2
HC1553,1.3
HC1554,-2.4
HC1555,0.3
HC1556,-0.3
HC1557,-0.1
HC1558,1.5
HC1559,-0.9
HC156,1.0
HC1560,2.3
HC1561,-0.9
HC1562,-1.5
HC1563,0.2
HC1564,-0.2
HC1565,-0.6
HC1566,1.0
HC1567,1.1
HC1568,0.1
HC1569,0.7
HC157,-1.1
HC1570,-0.6
HC1571,1.4
HC1572,-1.0
HC1573,1.5
HC1574,-0.2
HC1575,-0.7
HC1576,-0.3
HC1577,-1.6
HC1578,0.7
HC1579,0.5
HC158,-1.5
HC1580,-0.2
HC1581,-0.3
HC1582,-0.4
HC1583,-2.2
HC1584,-0.9
HC1585,-2.5
HC1586,0.6
HC1587,1.2
HC1588,1.3
HC1589,-1.1
HC159,-0.9
HC1590,-1.9
HC1591,-1.5
HC1592,-0.2
HC1593,-1.5
HC1594,0.1
HC1595,-0.5
HC1596,-0.3
HC1597,-0.9
HC1598,0.8
HC1599,0.2
HC16,0.2
HC160,0.1
HC1600,-1.2
HC1601,-1.1
HC1602,-1.8
HC1603,-0.5
HC1604,1.0
HC1605,0.4
HC1606,0.0
HC1607,-1.2
HC1608,-0.4
HC1609,-1.5
HC161,0.6
HC1610,0.3
HC1611,0.4
HC1612,1.1
HC1613,2.6
HC1614,-0.7
HC1615,0.3
HC1616,-0.1
HC1617,0.8
HC1618,-0.1
HC1619,2.0
HC162,-1.2
HC1620,0.1
HC1621,5.0
HC1622,2.0
HC1623,-0.5
HC1624,-2.8
HC1625,-1.1
HC1626,3.2
HC1627,0.3
HC1628,-1.4
HC1629,-0.9
HC163,-1.4
HC1630,1.2
HC1631,-0.8
HC1632,0.0
HC1633,2.4
HC1634,1.9
HC1635,-0.5
HC1636,-0.3
HC1637,-0.8
HC1638,-0.9
HC1639,-1.3
HC164,5.1
HC1640,0.2
HC1641,-0.4
HC1642,-0.2
HC1643,1.1
HC1644,-0.3
HC1645,0.8
HC1646,-0.8
HC1647,-1.5
HC1648,-0.4
HC1649,-1.0
HC165,4.2
HC1650,-2.0
HC1651,-1.4
HC1652,0.2
HC1653,0.9
HC1654,0.1
HC1655,2.5
HC1656,-0.7
HC1657,-0.9
HC1658,-0.9
HC1659,-1.3
HC166,0.5
HC1660,0.2
HC1661,0.0
HC1662,0.4
HC1663,0.5
HC1664,0.5
HC1665,0.4
HC1667,1.4
HC1668,2.5
HC1669,1.2
HC167,0.4
HC1670,0.2
HC1671,0.1
HC1672,0.0
HC1673,1.7
HC1674,0.1
HC1675,-0.6
HC1676,0.0
HC1677,1.1
HC1678,-0.1
HC1679,2.0
HC168,-1.6
HC1680,-0.3
HC1681,0.7
HC1682,-0.7
HC1683,0.7
HC1684,1.1
HC1685,0.0
HC1686,-0.3
HC1687,0.0
HC1688,0.3
HC1689,1.1
HC169,-0.4
HC1690,2.0
HC1691,-1.1
HC1693,-1.9
HC1694,0.0
HC1695,0.8
HC1696,2.3
HC1697,0.2
HC1698,0.5
HC1699,-0.7
HC17,-0.6
HC170,0.0
HC1700,0.1
HC1701,-0.5
HC1702,0.3
HC1703,1.8
HC1704,0.9
HC1705,2.7
HC1706,1.5
HC1707,0.1
HC1708,0.4
HC1709,1.2
HC171,-0.4
HC1710,0.1
HC1711,0.7
HC1713,1.6
HC1714,1.2
HC1715,-0.8
HC1716,1.2
HC1717,0.4
HC1718,-0.5
HC1719,2.5
HC172,-2.1
HC1720,0.6
HC1721,1.0
HC1722,2.5
HC1723,1.2
HC1724,0.2
HC1725,0.0
HC1726,3.1
HC1727,2.2
HC1728,-0.7
HC1729,-0.2
HC173,-0.7
HC1730,-0.2
HC1731,-0.1
HC1732,0.3
HC1733,0.7
HC1734,0.5
HC1735,0.7
HC1736,-0.5
HC1737,-0.2
HC1738,1.0
HC1739,2.5
HC174,-1.2
HC1740,0.9
HC1741,-0.2
HC1743,1.1
HC1744,0.8
HC1745,0.6
HC1746,0.5
HC1747,2.2
HC1748,1.3
HC1749,0.9
HC175,-0.1
HC1750,1.4
HC1751,0.0
HC1752,0.4
HC1753,0.4
HC1754,1.2
HC1756,0.4
HC1757,0.8
HC1758,0.0
HC1759,1.5
HC176,1.2
HC1760,-0.3
HC1761,-0.2
HC1762,1.3
HC1763,-0.2
HC1764,-0.6
HC1766,1.4
HC1767,2.2
HC1768,1.2
HC1769,0.6
HC177,-0.4
HC1770,0.4
HC1771,-0.3
HC1772,1.5
HC1773,0.5
HC1774,-0.7
HC1775,1.0
HC1776,-0.5
HC1777,2.1
HC1778,-0.7
HC1779,-0.2
HC178,-0.5
HC1780,1.8
HC1781,1.4
HC1783,-0.8
HC1784,0.1
HC1785,0.1
HC1786,0.9
HC1787,0.0
HC1788,1.1
HC1789,0.4
HC179,1.9
HC1790,0.1
HC1791,6.2
HC1792,0.0
HC1793,0.9
HC1794,0.8
HC1795,0.6
HC1796,-0.3
HC1797,1.2
HC1798,1.4
HC1799,0.4
HC18,0.8
HC180,-0.7
HC1800,-0.2
HC1801,-1.0
HC1802,-0.8
HC1803,-1.3
HC1804,-0.8
HC1805,-0.9
HC1806,-0.9
HC1807,0.0
HC1808,0.7
HC1809,0.8
HC181,-1.0
HC1810,0.1
HC1811,0.2
HC1813,0.6
HC1814,-0.6
HC1815,-0.3
HC1816,-0.4
HC1817,1.2
HC1818,-0.7
HC1819,0.3
HC182,2.6
HC1820,-0.2
HC1821,-1.2
HC1822,-2.0
HC1823,-0.9
HC1824,-0.8
HC1825,-0.3
HC1826,-0.9
HC1827,-0.9
HC1828,-0.9
HC1829,-0.9
HC183,0.3
HC1830,-0.8
HC1831,-0.7
HC1832,-0.6
HC1833,-0.8
HC1834,-1.4
HC1835,-0.9
HC1836,-0.9
HC1837,-0.7
HC1839,-0.9
HC184,-0.1
HC1840,-0.8
HC1841,-0.7
HC1842,-1.2
HC1843,-0.5
HC1844,-0.4
HC1845,-0.6
HC1846,-0.3
HC1847,0.0
HC1848,-0.6
HC1849,-0.6
HC185,0.1
HC1850,-0.2
HC1851,-1.1
HC1852,-0.9
HC1853,-0.9
HC1854,-0.7
HC1855,-0.7
HC1856,-0.4
HC1857,-0.5
HC1859,-0.6
HC186,2.6
HC1860,-0.8
HC1861,-1.0
HC1862,0.2
HC1863,-0.8
HC1864,-0.8
HC1865,-0.2
HC1866,-0.9
HC1867,0.3
HC1868,-0.6
HC1869,-2.3
HC187,0.5
HC1870,-0.9
HC1871,-0.9
HC1872,-0.7
HC1873,-2.3
HC1874,-0.7
HC1875,-0.8
HC1876,-1.5
HC1877,-0.6
HC1878,-1.0
HC188,4.2
HC1880,-0.9
HC1881,-0.5
HC1882,-0.5
HC1883,-0.5
HC1884,1.0
HC1885,1.4
HC1886,0.1
HC1887,-1.2
HC1888,-2.3
HC1889,-2.1
HC189,3.4
HC1890,-0.7
HC1891,-1.1
HC1892,-1.7
HC1893,0.8
HC1894,0.9
HC1895,-0.7
HC1897,-0.8
HC1898,0.3
HC1899,0.6
HC19,0.1
HC190,0.2
HC1900,-1.6
HC1901,0.6
HC1902,-0.7
HC1903,1.8
HC1904,-0.5
HC1905,1.0
HC1906,0.5
HC1907,-1.6
HC1908,-0.4
HC1909,0.3
HC191,-0.5
HC1910,0.0
HC1911,1.6
HC1912,-1.7
HC1913,-1.9
HC1914,-1.6
HC1915,-0.3
HC1916,-1.1
HC1918,0.4
HC1919,-0.2
HC192,-0.2
HC1920,-0.9
HC1921,0.7
HC1922,-0.2
HC1923,0.8
HC1924,-0.7
HC1925,-0.3
HC1926,-0.2
HC1927,-0.6
HC1929,-0.3
HC193,-0.4
HC1930,0.2
HC1931,-0.8
HC1932,-1.0
HC1933,-1.1
HC1934,-0.8
HC1935,-1.5
HC1936,-2.0
HC1937,-1.5
HC1938,-0.2
HC1939,1.0
HC194,-0.8
HC1940,-1.4
HC1941,-1.2
HC1942,-0.1
HC1943,-1.4
HC1944,-1.4
HC1945,0.5
HC1946,0.1
HC1947,1.4
HC1948,1.2
HC1949,-0.7
HC195,-0.9
HC1950,-1.7
HC1951,0.9
HC1953,-0.5
HC1954,-0.4
HC1955,-1.1
HC1956,-0.9
HC1957,0.1
HC1958,-0.9
HC1959,-0.3
HC196,0.4
HC1960,-1.2
HC1961,-0.6
HC1962,-0.9
HC1963,-1.2
HC1964,-1.5
HC1965,-0.9
HC1966,-0.1
HC1967,-0.4
HC1968,-0.8
HC1969,-0.2
HC197,0.4
HC1970,0.2
HC1971,0.3
HC1972,-1.3
HC1973,-0.7
HC1974,-1.2
HC1975,-1.7
HC1976,-0.3
HC1977,-0.6
HC1978,0.5
HC1979,-1.5
HC198,-0.2
HC1981,-1.7
HC1982,-1.3
HC1983,-0.9
HC1984,0.6
HC1985,-0.5
HC1986,0.7
HC1987,1.8
HC1988,0.2
HC1989,0.4
HC199,0.1
HC1991,-0.1
HC1992,0.8
HC1993,-1.6
HC1994,2.0
HC1995,-0.9
HC1996,-0.3
HC1997,-0.3
HC1998,0.9
HC1999,0.3
HC2,0.0
HC20,-0.2
HC200,2.9
HC2000,-0.5
HC2001,0.1
HC2002,-0.2
HC2003,-0.9
HC2004,-1.3
HC2005,0.1
HC2006,0.2
HC2007,-1.3
HC2008,1.8
HC2009,-0.7
HC201,-0.8
HC2011,0.8
HC2012,0.5
HC2013,0.2
HC2014,-0.2
HC2015,0.3
HC2016,-0.2
HC2017,0.6
HC2018,0.1
HC2019,-0.3
HC202,0.6
HC2020,0.2
HC2021,0.2
HC2022,-1.0
HC2023,1.5
HC2024,-0.2
HC2025,-0.1
HC2026,-0.4
HC2027,1.9
HC2028,0.2
HC2029,-0.4
HC203,-0.1
HC2030,0.0
HC2031,-1.7
HC2032,-0.2
HC2033,1.3
HC2034,0.0
HC2035,-1.0
HC2036,1.6
HC2037,0.6
HC2038,0.2
HC2039,1.2
HC204,-0.5
HC2041,0.6
HC2042,0.9
HC2043,0.1
HC2044,0.2
HC2045,0.3
HC2047,0.6
HC2048,-1.4
HC2049,0.9
HC205,-0.9
HC2050,-0.7
HC2051,-1.2
HC2052,-0.8
HC2053,-1.2
HC2054,1.4
HC2055,1.1
HC2056,-1.9
HC2057,0.2
HC2058,1.7
HC2059,0.3
HC206,0.2
HC2060,-1.9
HC2061,0.8
HC2062,1.3
HC2063,0.9
HC2064,-0.2
HC2065,-0.5
HC2066,0.4
HC2067,-1.4
HC2068,1.1
HC2069,-0.5
HC207,-0.5
HC2070,1.4
HC2071,-0.1
HC2072,-2.7
HC2073,0.8
HC2074,0.1
HC2075,-0.6
HC2076,-1.9
HC2078,-0.4
HC2079,1.1
HC208,0.3
HC2080,0.4
HC2081,-0.2
HC2082,1.9
HC2083,0.1
HC2084,-0.3
HC2085,-0.7
HC2086,0.1
HC2087,-0.7
HC2088,-0.6
HC209,0.6
HC2090,-0.6
HC2091,-0.8
HC2092,0.2
HC2093,0.6
HC2094,-0.2
HC2095,-0.2
HC2096,-0.6
HC2097,-1.2
HC2098,0.9
HC2099,-0.5
HC21,-0.6
HC210,0.2
HC2100,-1.0
HC2101,0.6
HC2102,-0.2
HC2103,1.1
HC2104,-0.3
HC2105,-0.8
HC2106,-0.1
HC2107,-0.4
HC2108,0.3
HC2109,0.4
HC211,-1.3
HC2110,-1.7
HC2111,-0.8
HC2113,0.3
HC2114,0.3
HC2115,-0.4
HC2116,0.0
HC2117,1.6
HC2118,1.2
HC2119,-1.0
HC212,-1.2
HC2120,0.0
HC2121,0.9
HC2122,-0.4
HC2123,-0.5
HC2124,0.2
HC2125,0.0
HC2126,-1.2
HC2127,-1.0
HC2128,-0.6
HC2129,-0.1
HC213,-0.7
HC2130,0.2
HC2132,0.4
HC2133,-0.4
HC2134,-0.8
HC2135,0.5
HC2136,0.6
HC2137,-0.4
HC2138,0.7
HC2139,0.0
HC214,2.4
HC2140,0.9
HC2141,0.0
HC2142,-0.4
HC2143,1.0
HC2144,0.3
HC2145,-0.7
HC2146,-1.1
HC2147,0.6
HC2148,-0.2
HC2149,0.3
HC215,0.6
HC2150,0.0
HC2151,0.5
HC2153,1.8
HC2154,-1.0
HC2155,-1.3
HC2156,0.3
HC2157,1.2
HC2158,0.7
HC2159,0.8
HC216,4.6
HC2160,-0.1
HC2161,-0.3
HC2162,0.4
HC2163,1.0
HC2164,-0.3
HC2165,1.2
HC2166,-0.2
HC2167,0.5
HC2168,0.0
HC2169,0.4
HC217,4.8
HC2171,0.6
HC2172,-0.3
HC2173,-0.2
HC2174,-0.4
HC2175,-2.0
HC2176,0.2
HC2177,0.7
HC2178,-0.2
HC2179,1.3
HC218,1.8
HC2180,0.9
HC2181,0.9
HC2182,1.3
HC2183,-1.2
HC2184,-0.2
HC2185,0.6
HC2186,-0.9
HC2187,0.6
HC2188,0.9
HC2189,0.0
HC219,-0.8
HC2191,-0.6
HC2192,-0.1
HC2193,0.6
HC2194,0.6
HC2195,0.6
HC2196,0.1
HC2197,-0.6
HC2198,-0.6
HC2199,0.3
HC22,0.6
HC220,0.0
HC2200,-1.1
HC2201,0.6
HC2202,0.8
HC2203,-1.3
HC2204,-1.2
HC2205,0.7
HC2206,0.9
HC2207,-0.6
HC2208,-0.7
HC2209,-1.4
HC221,-1.3
HC2210,-1.4
HC2211,-1.4
HC2212,1.0
HC2213,0.4
HC2214,-0.2
HC2215,-1.6
HC2216,0.4
HC2217,0.9
HC2219,-0.3
HC222,0.3
HC2220,-1.4
HC2221,-0.7
HC2222,-0.3
HC2223,-1.1
HC2224,1.3
HC2225,-0.1
HC2226,1.1
HC2227,0.9
HC2229,0.9
HC223,-1.5
HC2230,-0.2
HC2231,-0.5
HC2232,0.0
HC2233,-0.5
HC2234,0.6
HC2235,-0.6
HC2236,0.3
HC2237,0.6
HC2238,-0.9
HC2239,-0.7
HC224,-0.2
HC2240,-0.3
HC2241,0.8
HC2242,0.1
HC2243,-0.6
HC2244,0.6
HC2245,0.8
HC2246,1.6
HC2247,-0.1
HC2248,2.3
HC2249,-1.6
HC225,-1.2
HC2251,-0.2
HC2252,1.2
HC2253,1.0
HC2254,-0.3
HC2255,1.4
HC2256,0.9
HC2257,0.1
HC2258,2.1
HC2259,-1.4
HC226,-1.6
HC2260,-0.5
HC2261,-1.0
HC2262,0.0
HC2263,0.4
HC2264,-1.5
HC2265,1.4
HC2266,1.5
HC2267,-1.2
HC2268,0.5
HC2269,1.4
HC227,0.3
HC2270,0.1
HC2271,-1.1
HC2272,-0.7
HC2273,0.6
HC2274,0.9
HC2275,0.0
HC2276,1.4
HC2277,-0.6
HC2278,2.0
HC2279,0.2
HC228,-0.4
HC2280,-1.1
HC2281,0.8
HC2282,0.4
HC2283,-0.4
HC2284,-0.6
HC2286,0.4
HC2287,0.1
HC2288,-1.0
HC2289,0.4
HC229,-1.2
HC2290,2.0
HC2291,0.6
HC2292,1.6
HC2293,0.7
HC2294,-0.4
HC2295,0.4
HC2296,0.4
HC2297,-0.9
HC2298,-0.9
HC2299,-0.8
HC23,0.9
HC230,0.5
HC2300,0.6
HC2301,-1.1
HC2302,-0.9
HC2303,0.3
HC2304,0.4
HC2305,0.7
HC2306,1.6
HC2307,-1.8
HC2308,-0.7
HC2309,1.6
HC231,-0.4
HC2310,0.9
HC2311,0.7
HC2312,0.9
HC2313,0.0
HC2314,1.6
HC2315,1.8
HC2316,0.9
HC2317,0.7
HC2318,-1.2
HC2319,0.3
HC232,-0.6
HC2320,-1.7
HC2321,0.1
HC2322,0.3
HC2323,0.7
HC2324,1.3
HC2325,1.0
HC2326,0.3
HC2327,-0.8
HC2328,2.3
HC2329,-1.3
HC233,0.8
HC2331,-1.7
HC2332,0.7
HC2333,1.2
HC2334,-0.3
HC2335,0.6
HC2336,0.8
HC2337,1.2
HC2338,-0.4
HC2339,0.1
HC234,0.0
HC2340,0.0
HC2341,-0.4
HC2342,-1.2
HC2343,1.0
HC2344,-0.4
HC2345,1.1
HC2346,-0.8
HC2347,-0.4
HC2348,0.2
HC2349,-0.9
HC235,-1.6
HC2350,-0.3
HC2351,0.8
HC2352,1.1
HC2353,1.9
HC2354,0.2
HC2355,1.2
HC2356,0.3
HC2357,0.8
HC2358,0.5
HC236,0.1
HC2360,0.5
HC2361,1.1
HC2362,0.4
HC2363,0.6
HC2364,0.7
HC2365,0.9
HC2366,0.4
HC2367,0.3
HC2368,-0.6
HC2369,0.2
HC237,-1.9
HC2370,-0.2
HC2371,0.4
HC2372,-0.8
HC2374,0.1
HC2375,0.7
HC2376,0.0
HC2377,-0.2
HC2378,0.8
HC2379,1.7
HC238,-0.3
HC2380,-0.2
HC2381,-0.1
HC2382,0.5
HC2383,-0.1
HC2384,-0.5
HC2385,0.7
HC2386,0.4
HC2387,1.2
HC2388,1.0
HC2389,0.5
HC239,-0.5
HC2390,2.1
HC2391,0.5
HC2392,0.3
HC2393,1.8
HC2394,0.7
HC2395,0.1
HC2396,0.0
HC2397,0.2
HC2398,0.8
HC24,0.4
HC240,-0.8
HC2400,-0.2
HC2401,1.5
HC2402,0.6
HC2403,-1.5
HC2404,0.5
HC2405,0.1
HC2406,-0.7
HC2407,-0.2
HC2408,0.0
HC2409,0.9
HC241,1.5
HC2410,0.7
HC2411,-1.5
HC2412,1.1
HC2413,2.1
HC2414,-1.6
HC2415,0.4
HC2416,-0.2
HC2418,0.4
HC2419,-0.1
HC242,-0.7
HC2420,0.0
HC2421,-0.1
HC2422,1.5
HC2423,0.1
HC2424,-0.1
HC2425,-0.1
HC2426,-1.3
HC2427,0.2
HC2428,0.4
HC2429,1.3
HC243,-1.9
HC2430,-1.5
HC2431,0.9
HC2432,0.5
HC2433,0.9
HC2434,2.2
HC2435,-0.3
HC2436,1.6
HC2437,0.6
HC2438,0.9
HC2439,-1.5
HC244,-0.1
HC2440,-0.5
HC2441,1.8
HC2442,1.8
HC2443,1.3
HC2444,1.1
HC2445,0.2
HC2446,1.9
HC2447,1.1
HC2448,1.1
HC2449,-0.2
HC245,-0.7
HC2450,1.0
HC2451,1.1
HC2452,-0.1
HC2454,0.8
HC2455,0.5
HC2456,1.8
HC2457,-0.1
HC2458,0.0
HC2459,1.5
HC246,-1.5
HC2460,1.6
HC2461,2.0
HC2462,1.8
HC2463,0.8
HC2464,-1.4
HC2465,2.3
HC2466,-1.9
HC2467,-2.1
HC2468,-0.2
HC2469,-1.2
HC247,0.2
HC2470,-2.9
HC2471,-2.0
HC2472,-0.1
HC2473,0.9
HC2474,-0.3
HC2475,-0.8
HC2476,-0.7
HC2477,0.6
HC2478,0.3
HC2479,-0.1
HC248,-0.4
HC2480,2.0
HC2481,-0.5
HC2482,0.0
HC2483,-0.1
HC2484,0.3
HC2485,-0.7
HC2486,-0.2
HC2487,-0.1
HC2488,1.0
HC2489,0.4
HC249,-0.8
HC2490,0.7
HC2491,-0.1
HC2492,-0.4
HC2493,0.6
HC2494,1.5
HC2495,1.0
HC2496,-0.8
HC2497,0.2
HC2499,1.0
HC25,2.9
HC250,0.2
HC2500,0.9
HC2501,0.2
HC2502,-0.1
HC2503,0.2
HC2504,1.3
HC2505,0.4
HC2506,-0.1
HC2507,-0.8
HC2508,1.0
HC2509,-0.3
HC251,-1.1
HC2510,0.6
HC2511,-0.7
HC2512,-0.2
HC2513,-0.3
HC2514,-0.1
HC2515,0.7
HC2516,-1.2
HC2517,0.4
HC2518,-1.0
HC252,-0.1
HC2520,-0.1
HC2521,1.3
HC2522,1.4
HC2524,-0.2
HC2525,0.9
HC2526,0.1
HC2527,-0.6
HC2528,1.4
HC2529,0.1
HC253,0.3
HC2530,-0.9
HC2531,0.1
HC2532,1.6
HC2533,1.1
HC2534,1.0
HC2535,0.3
HC2536,-0.9
HC2537,-0.5
HC2538,-0.7
HC2539,2.2
HC254,0.6
HC2540,-2.3
HC2541,0.9
HC2542,0.0
HC2543,-1.2
HC2544,1.0
HC2545,0.6
HC2546,1.1
HC2547,-0.4
HC2548,-0.1
HC2549,0.1
HC255,2.8
HC2550,-1.5
HC2551,1.4
HC2552,-0.2
HC2553,0.6
HC2554,0.3
HC2556,-0.9
HC2557,0.8
HC2558,0.0
HC2559,-0.8
HC256,-1.0
HC2560,0.8
HC2561,0.8
HC2562,-1.6
HC2563,1.5
HC2564,-0.2
HC2566,-0.9
HC2567,1.0
HC2568,2.1
HC2569,-0.8
HC257,-0.2
HC2570,0.4
HC2571,-1.2
HC2572,-0.9
HC2573,0.4
HC2574,-0.7
HC2575,-0.4
HC2576,-0.9
HC2577,-0.6
HC2578,-0.7
HC2579,-0.7
HC258,0.6
HC2580,0.2
HC2581,0.0
HC2582,-0.1
HC259,1.6
HC26,0.8
HC260,0.6
HC261,-0.9
HC262,-1.5
HC263,0.6
HC264,0.1
HC265,0.6
HC266,0.4
HC267,0.0
HC268,1.3
HC269,0.3
HC27,1.1
HC270,0.4
HC271,-1.1
HC272,-0.9
HC273,0.5
HC274,-0.7
HC275,-1.2
HC276,0.0
HC277,-0.2
HC278,1.4
HC279,-1.6
HC28,1.2
HC280,-0.4
HC281,0.7
HC282,-1.5
HC283,-0.7
HC284,0.3
HC285,1.0
HC286,-0.9
HC287,-0.8
HC288,-0.2
HC289,-1.1
HC29,0.4
HC290,1.1
HC291,-0.5
HC292,-0.8
HC293,-0.9
HC294,-0.3
HC295,1.6
HC296,-0.4
HC297,-0.2
HC298,-1.6
HC299,-0.4
HC3,0.6
HC30,1.4
HC300,-2.3
HC301,-1.6
HC302,-1.0
HC303,-0.6
HC304,0.3
HC305,-0.1
HC306,-1.3
HC307,0.3
HC308,0.2
HC309,0.3
HC31,0.6
HC310,0.8
HC311,-0.9
HC312,0.3
HC313,0.8
HC314,-2.0
HC315,0.2
HC316,0.6
HC317,-1.0
HC318,-0.5
HC319,-0.3
HC32,-1.2
HC320,1.0
HC321,-1.7
HC322,-3.8
HC323,-0.1
HC324,0.1
HC325,0.4
HC326,0.8
HC327,-0.8
HC328,-1.0
HC329,-0.7
HC33,-0.3
HC330,-0.4
HC331,-0.2
HC332,0.6
HC333,-0.3
HC334,-0.9
HC335,-0.2
HC336,-1.3
HC337,-1.7
HC338,-0.2
HC339,-0.1
HC34,0.8
HC340,-0.9
HC341,-0.3
HC342,1.3
HC343,1.1
HC344,0.3
HC345,-0.5
HC346,-1.0
HC347,-2.2
HC348,-0.7
HC349,-0.8
HC350,-0.7
HC351,-2.1
HC352,-0.7
HC353,-0.5
HC354,0.1
HC355,0.9
HC356,-0.2
HC357,1.6
HC358,0.7
HC359,0.2
HC36,1.8
HC360,-0.3
HC361,-0.8
HC362,0.7
HC363,-0.2
HC364,1.1
HC365,0.0
HC366,0.6
HC367,1.1
HC368,-0.5
HC369,0.0
HC37,3.1
HC370,0.2
HC371,1.7
HC372,1.6
HC373,-0.3
HC374,-1.2
HC375,-1.6
HC376,-0.9
HC377,-0.2
HC378,1.0
HC379,-1.6
HC38,0.5
HC380,-0.1
HC381,-0.6
HC382,-0.9
HC383,0.0
HC384,-0.9
HC385,-0.1
HC386,1.7
HC387,-0.3
HC388,-0.4
HC389,-0.4
HC39,1.5
HC390,-1.1
HC391,-0.4
HC392,-0.6
HC393,-0.6
HC394,1.5
HC395,-0.9
HC396,0.4
HC397,0.4
HC398,-0.1
HC399,-0.9
HC4,1.8
HC40,1.7
HC400,0.5
HC401,0.8
HC402,-0.1
HC403,1.0
HC404,2.2
HC405,-0.3
HC406,0.0
HC407,0.9
HC408,-1.0
HC409,-1.6
HC41,-0.9
HC410,0.0
HC411,-0.7
HC412,0.6
HC413,0.9
HC414,-0.8
HC415,-0.4
HC416,0.1
HC417,-0.5
HC418,0.9
HC419,1.0
HC42,-0.5
HC420,-1.0
HC421,0.4
HC422,-0.8
HC423,0.5
HC424,-0.2
HC425,-1.6
HC426,-0.5
HC427,-0.6
HC428,0.6
HC429,0.0
HC43,-0.4
HC430,2.1
HC431,-0.8
HC432,1.8
HC433,1.6
HC434,2.0
HC435,-0.7
HC436,1.0
HC437,0.7
HC438,0.1
HC439,0.7
HC44,-0.8
HC440,0.9
HC441,0.1
HC442,1.2
HC443,1.7
HC444,-0.3
HC445,-1.4
HC446,0.3
HC447,-0.9
HC448,0.8
HC449,-0.2
HC45,-0.9
HC450,1.0
HC451,0.2
HC452,0.6
HC453,-1.4
HC454,-0.8
HC455,-0.2
HC456,0.2
HC457,-0.6
HC458,-0.5
HC459,-1.7
HC46,-0.1
HC460,-0.4
HC461,1.9
HC462,-0.4
HC463,0.3
HC464,-1.5
HC465,0.1
HC466,-1.3
HC467,0.2
HC468,1.5
HC469,-0.9
HC47,-0.9
HC470,-0.1
HC471,-0.5
HC472,-0.1
HC473,-0.2
HC474,-0.7
HC475,-0.5
HC476,-0.5
HC477,0.6
HC478,-0.4
HC479,1.0
HC48,-1.2
HC480,2.0
HC481,1.2
HC482,0.1
HC483,0.5
HC484,-0.1
HC485,0.0
HC486,1.0
HC487,-0.3
HC488,1.0
HC489,-0.4
HC49,-0.9
HC490,1.0
HC491,-1.6
HC492,-0.5
HC493,-0.8
HC494,0.0
HC495,0.0
HC496,-0.7
HC497,1.1
HC498,0.3
HC499,0.0
HC5,1.4
HC50,0.2
HC500,1.1
HC501,-1.1
HC502,1.7
HC503,1.4
HC504,0.2
HC505,0.1
HC506,-0.7
HC507,-1.7
HC508,-1.0
HC509,-0.5
HC51,-0.6
HC510,-0.6
HC511,0.6
HC512,-0.9
HC513,1.2
HC514,0.4
HC515,-0.2
HC516,-0.9
HC517,-0.2
HC518,0.1
HC519,-0.4
HC52,-0.9
HC520,-0.8
HC521,-0.4
HC522,-0.9
HC523,0.9
HC524,0.2
HC525,-1.8
HC526,-0.3
HC527,0.1
HC528,-0.9
HC529,-0.4
HC53,-0.8
HC530,-0.5
HC531,-1.5
HC532,0.3
HC533,-0.4
HC534,-0.6
HC535,-0.6
HC536,1.0
HC537,-1.9
HC538,0.9
HC539,0.0
HC54,-0.3
HC540,0.5
HC541,1.4
HC542,0.7
HC543,-1.9
HC544,-1.1
HC545,-0.6
HC546,-1.2
HC547,-1.2
HC548,-0.8
HC549,0.5
HC55,-0.4
HC550,0.6
HC551,-1.2
HC552,-0.5
HC553,-0.8
HC554,-0.9
HC555,-1.2
HC556,1.7
HC557,0.2
HC558,-0.5
HC559,-0.5
HC56,-1.1
HC560,-0.6
HC561,0.0
HC562,-0.1
HC563,-1.1
HC564,-0.3
HC565,1.0
HC566,0.2
HC567,-0.7
HC568,-0.5
HC569,-1.4
HC57,-0.4
HC570,-0.2
HC571,-0.4
HC572,-0.3
HC573,1.0
HC574,-0.7
HC575,-0.9
HC576,1.2
HC577,-0.6
HC578,0.0
HC579,-0.1
HC58,-0.7
HC580,-1.6
HC581,-0.1
HC582,-0.5
HC583,-0.5
HC584,-0.5
HC585,-1.0
HC586,1.4
HC587,0.3
HC588,-0.3
HC589,1.2
HC59,-0.5
HC590,1.7
HC591,-2.2
HC592,-0.5
HC593,1.4
HC594,0.3
HC595,-0.9
HC596,-0.5
HC597,-0.1
HC598,-0.6
HC599,-1.6
HC6,-0.1
HC60,-1.0
HC600,2.2
HC601,-0.4
HC602,1.3
HC603,0.9
HC604,-1.4
HC605,1.9
HC606,-1.3
HC607,0.7
HC608,-0.5
HC609,1.2
HC61,-1.2
HC610,0.0
HC611,-0.3
HC612,-0.8
HC613,-0.9
HC614,-0.6
HC615,-1.9
HC616,0.7
HC617,-1.0
HC618,-0.1
HC619,-0.2
HC62,-1.7
HC620,1.8
HC621,0.4
HC622,-0.4
HC623,0.0
HC624,-0.5
HC625,1.1
HC626,-1.0
HC627,-1.6
HC628,1.2
HC629,0.2
HC63,1.1
HC630,-0.7
HC631,-0.1
HC632,1.2
HC633,-0.1
HC634,-0.2
HC635,-0.9
HC636,-0.6
HC637,-0.2
HC638,0.6
HC639,0.4
HC64,0.6
HC640,0.6
HC641,-0.2
HC642,1.1
HC643,1.1
HC644,0.3
HC645,1.2
HC646,-0.4
HC647,1.4
HC648,-1.3
HC649,1.6
HC65,0.5
HC650,-0.7
HC651,0.9
HC652,0.6
HC653,-1.7
HC654,-0.9
HC655,0.3
HC656,-0.7
HC657,-0.7
HC658,-0.2
HC659,-0.7
HC66,0.2
HC660,-1.4
HC661,3.7
HC662,7.4
HC663,2.1
HC664,-0.8
HC665,0.8
HC666,-0.8
HC667,0.2
HC668,0.3
HC669,-0.9
HC67,0.3
HC670,0.1
HC671,0.0
HC672,-1.2
HC673,-3.1
HC674,-1.6
HC675,-0.9
HC676,0.0
HC677,-1.4
HC678,0.1
HC679,-0.7
HC68,1.1
HC680,-0.3
HC681,-0.6
HC682,-0.5
HC683,0.7
HC684,-0.7
HC685,0.3
HC686,-0.9
HC687,-1.5
HC688,-0.9
HC689,-0.7
HC69,1.5
HC690,0.5
HC691,-1.2
HC692,-0.9
HC693,-1.3
HC694,-1.2
HC695,-1.0
HC696,-1.4
HC697,-0.7
HC698,-1.1
HC699,-0.2
HC7,-0.1
HC70,-0.8
HC700,-0.1
HC701,-1.2
HC702,1.1
HC703,0.8
HC704,1.0
HC705,-0.2
HC706,0.4
HC707,-0.1
HC708,-1.3
HC709,0.3
HC71,1.3
HC710,0.3
HC711,-0.9
HC712,-0.4
HC713,-0.1
HC714,-0.6
HC715,0.3
HC716,1.2
HC717,-0.9
HC718,0.5
HC719,-0.6
HC72,0.0
HC720,-1.4
HC721,-1.5
HC722,-1.2
HC723,-2.3
HC724,-0.6
HC725,-0.5
HC726,-0.9
HC727,-0.4
HC728,-2.3
HC729,-0.6
HC73,0.1
HC730,-0.5
HC731,-0.4
HC732,-0.8
HC733,-0.9
HC734,-0.1
HC735,0.2
HC736,0.8
HC737,0.9
HC738,0.8
HC739,0.3
HC74,-2.1
HC740,-0.1
HC741,-0.1
HC742,-1.4
HC743,0.5
HC744,-0.7
HC745,0.4
HC746,-0.8
HC747,1.0
HC748,-0.8
HC749,-0.2
HC750,-0.7
HC751,0.0
HC752,0.5
HC753,-1.9
HC754,-0.9
HC755,-0.6
HC756,-0.8
HC757,-0.6
HC758,-2.1
HC759,0.4
HC76,0.6
HC760,0.7
HC761,-0.2
HC762,-1.6
HC763,0.6
HC764,-0.4
HC765,-0.2
HC766,0.8
HC767,-0.4
HC768,-1.0
HC769,0.5
HC77,0.1
HC770,-0.2
HC771,0.9
HC772,-0.1
HC773,-0.7
HC774,-0.1
HC775,0.4
HC776,-0.6
HC777,-0.8
HC778,1.4
HC779,-0.3
HC78,-0.4
HC780,0.1
HC781,0.2
HC782,0.0
HC783,0.3
HC784,-0.1
HC785,1.8
HC786,1.8
HC787,-0.3
HC788,-2.1
HC789,1.9
HC79,-0.7
HC790,-1.0
HC791,0.2
HC792,1.7
HC793,-1.0
HC794,-0.6
HC795,-1.2
HC796,-0.8
HC797,-1.4
HC798,-0.2
HC799,-0.4
HC8,1.3
HC80,0.2
HC800,-0.3
HC801,0.5
HC802,-0.4
HC803,-2.8
HC804,-0.2
HC805,0.4
HC806,0.0
HC807,0.8
HC808,-0.4
HC809,-1.3
HC81,0.4
HC810,-0.1
HC811,-1.3
HC812,0.0
HC813,-0.5
HC814,-2.1
HC815,-1.2
HC816,-1.6
HC817,-0.5
HC818,0.1
HC819,-0.6
HC82,-0.1
HC820,0.2
HC821,0.2
HC822,-1.8
HC823,-0.8
HC824,-0.6
HC825,-1.5
HC826,1.1
HC827,0.3
HC828,-0.3
HC829,1.4
HC83,0.4
HC830,1.2
HC831,-1.2
HC832,1.8
HC833,-0.7
HC834,-1.0
HC835,-1.0
HC836,0.6
HC837,0.9
HC838,0.9
HC839,0.6
HC84,0.3
HC840,0.6
HC841,0.3
HC842,1.0
HC843,-1.9
HC844,0.4
HC845,-1.3
HC846,1.6
HC847,-0.7
HC848,0.5
HC849,-0.9
HC85,-1.6
HC850,-0.2
HC851,1.1
HC852,-2.0
HC853,-0.7
HC854,-0.5
HC855,-0.9
HC856,-0.6
HC857,-1.3
HC858,0.9
HC859,0.2
HC86,-0.1
HC860,1.4
HC861,-0.5
HC862,1.9
HC863,1.0
HC864,1.3
HC865,0.3
HC866,-0.5
HC867,-0.3
HC868,0.4
HC869,0.1
HC87,-0.8
HC870,1.4
HC871,-2.6
HC872,-1.1
HC873,-1.5
HC874,-0.6
HC875,-0.6
HC876,-1.4
HC877,-0.3
HC878,-0.1
HC879,0.3
HC88,-1.2
HC880,-1.0
HC881,0.3
HC882,0.2
HC883,-0.1
HC884,-0.7
HC885,1.0
HC886,-1.2
HC887,0.5
HC888,-0.7
HC889,0.4
HC89,-0.7
HC890,0.5
HC891,-0.6
HC892,0.2
HC893,-1.1
HC894,-0.9
HC895,-1.5
HC896,-1.5
HC897,-1.0
HC898,-0.2
HC899,0.8
HC9,-0.4
HC90,1.8
HC900,-0.9
HC901,1.0
HC902,3.0
HC903,-0.8
HC904,-0.7
HC905,-1.1
HC906,-0.8
HC907,0.0
HC908,1.2
HC909,-1.2
HC91,0.0
HC910,-0.7
HC911,-1.3
HC912,-0.5
HC913,1.1
HC914,-0.8
HC915,-1.5
HC916,-1.5
HC917,-0.5
HC918,-0.9
HC919,-0.9
HC92,-1.5
HC920,-0.7
HC921,1.2
HC922,-0.8
HC923,-0.1
HC924,-1.3
HC925,-0.7
HC926,-0.7
HC927,0.7
HC928,0.5
HC929,0.6
HC93,1.3
HC930,0.0
HC931,-0.5
HC932,0.7
HC933,0.0
HC934,-1.1
HC935,-0.4
HC936,-1.0
HC937,0.2
HC938,0.5
HC939,-1.6
HC94,0.4
HC940,-0.8
HC941,-1.4
HC942,-1.0
HC943,-1.2
HC944,-0.5
HC945,0.6
HC946,-1.6
HC947,-0.6
HC948,-0.7
HC949,0.5
HC95,-0.2
HC950,-1.0
HC951,0.6
HC952,0.7
HC953,-0.9
HC954,-0.5
HC955,1.1
HC956,-0.5
HC957,-0.6
HC958,-1.1
HC959,-0.3
HC96,1.2
HC960,-0.1
HC961,1.1
HC962,1.5
HC963,0.0
HC964,0.6
HC965,-1.0
HC966,-1.2
HC967,-0.8
HC968,0.7
HC969,0.8
HC97,-0.5
HC970,-1.8
HC971,-0.3
HC972,0.6
HC973,0.3
HC974,-1.4
HC975,-1.7
HC976,-0.2
HC977,-0.4
HC978,-0.6
HC979,-1.1
HC98,-1.2
HC980,-1.8
HC981,-0.5
HC982,-1.5
HC983,-1.4
HC984,0.6
HC985,-0.1
HC986,0.1
HC987,0.4
HC988,-0.4
HC989,-2.2
HC99,0.4
HC990,0.1
HC991,-0.3
HC992,-0.5
HC993,1.8
HC994,0.6
HC995,1.3
HC996,0.3
HC997,-1.1
HC998,-0.9
HC999,0.3
NE1,1.0
NE2,2.1
NE3,-0.9
NE4,-0.9
NG1,0.4
NG10,0.4
NG2,1.2
NG3,-0.2
NG4,0.5
NG5,-0.3
NG6,-1.9
NG7,-0.1
NG8,-1.2
NG9,-2.0
TR1,0.4
TR10,-0.8
TR2,0.3
TR3,-0.6
TR4,-0.3
TR5,-0.3
TR6,1.5
TR7,1.0
TR8,-1.2
TR9,-0.4
TV1,-1.0
TV2,-1.7
TV3,-1.1
WN1,-1.0
WN2,-0.6
WN3,0.3
WN4,-1.5
WN5,-0.5
